design_change,patch_size,patch_churn,diff_complexity,diff_size,number_comments,number_users,number_contributors,number_core_devs,opened_by,number_of_patches,words_in_discussion,words_per_comment_in_discussion,snippets_size,mean_time_between_replies,discussion_length
True,93.0,11529.0,818.0,10881.0,0,0,0,0,employee,0,0,0,0,0,0
True,53.0,1459.0,980.0,13340.0,0,0,0,0,employee,0,0,0,0,0,0
True,2.0,148.0,128.0,2276.0,0,0,0,0,employee,0,0,0,0,0,0
False,1.0,88.0,100.0,2120.0,0,0,0,0,employee,0,0,0,0,0,0
False,5.0,53.0,111.0,916.0,0,0,0,0,employee,0,0,0,0,0,0
True,75.0,871.0,1248.0,16913.0,0,0,0,0,employee,0,0,0,0,0,0
True,19.0,635.0,172.0,3222.0,1,0,0,1,employee,1,116,116.0,878,0.0,0
True,92.0,2383.0,973.0,12827.0,0,0,0,0,employee,0,0,0,0,0,0
True,4.0,181.0,119.0,929.0,0,0,0,0,employee,0,0,0,0,0,7
True,5.0,145.0,238.0,4880.0,3,0,0,1,employee,0,37,12.333333333333334,0,2.3333333333333335,7
False,2.0,18.0,47.0,497.0,0,0,0,0,employee,0,0,0,0,0,0
False,1.0,8.0,111.0,2329.0,0,0,0,0,employee,0,0,0,0,0,0
True,6.0,402.0,252.0,5019.0,0,0,0,0,employee,0,0,0,0,0,1
True,2.0,61.0,115.0,2391.0,0,0,0,0,employee,0,0,0,0,0,0
True,77.0,1988.0,2034.0,27690.0,0,0,0,0,employee,0,0,0,0,0,0
False,4.0,1170.0,146.0,2591.0,0,0,0,0,employee,0,0,0,0,0,0
False,1.0,18.0,81.0,650.0,0,0,0,0,employee,0,0,0,0,0,0
True,7.0,242.0,176.0,2988.0,11,0,2,1,employee,4,390,35.45454545454545,487,0.45454545454545453,7
False,5.0,17.0,275.0,4029.0,1,0,0,1,employee,0,2,2.0,0,0.0,0
True,2.0,261.0,2.0,32.0,1,0,0,1,employee,0,27,27.0,0,0.0,0
False,5.0,437.0,246.0,3739.0,0,0,0,0,employee,0,0,0,0,0,0
True,2.0,122.0,132.0,2472.0,1,0,0,1,employee,0,13,13.0,0,0.0,0
False,1.0,57.0,123.0,2407.0,2,0,0,1,employee,0,9,4.5,0,0.0,0
True,6.0,211.0,148.0,2711.0,1,0,0,1,employee,0,9,9.0,0,0.0,0
True,5.0,249.0,203.0,3246.0,0,0,0,0,employee,0,0,0,0,0,0
False,1.0,39.0,12.0,144.0,1,0,0,1,employee,0,3,3.0,0,0.0,0
False,1.0,37.0,126.0,2458.0,1,0,0,1,employee,0,5,5.0,0,0.0,0
True,10.0,457.0,389.0,6390.0,1,0,0,1,employee,0,19,19.0,0,0.0,0
False,4.0,474.0,290.0,5335.0,4,1,0,1,employee,2,156,39.0,941,0.0,0
False,1.0,28.0,52.0,553.0,1,0,0,1,employee,0,6,6.0,0,0.0,0
True,10.0,795.0,562.0,9406.0,13,1,2,1,employee,2,332,25.53846153846154,904,0.7692307692307693,20
True,3.0,175.0,152.0,2784.0,1,0,0,1,employee,0,4,4.0,0,0.0,0
True,3.0,279.0,255.0,3770.0,1,0,0,1,employee,0,7,7.0,0,0.0,0
False,1.0,136.0,162.0,2889.0,1,0,0,1,employee,0,13,13.0,0,0.0,0
True,3.0,279.0,255.0,3770.0,0,0,0,0,employee,0,0,0,0,0,0
True,3.0,294.0,248.0,3697.0,3,1,1,1,employee,0,52,17.333333333333332,0,0.0,0
False,1.0,17.0,15.0,122.0,1,1,0,0,employee,0,8,8.0,0,0.0,0
True,5.0,443.0,285.0,4076.0,2,1,1,0,employee,0,12,6.0,0,0.0,0
True,3.0,197.0,216.0,3449.0,3,1,0,1,employee,0,37,12.333333333333334,0,2.3333333333333335,7
True,3.0,247.0,210.0,3365.0,5,1,0,1,employee,0,124,24.8,0,1.2,7
False,1.0,35.0,190.0,3180.0,2,1,0,1,employee,0,22,11.0,0,3.5,7
True,2.0,150.0,192.0,3252.0,1,0,0,1,employee,0,4,4.0,0,0.0,6
True,5.0,234.0,204.0,3380.0,9,1,2,1,employee,0,128,14.222222222222221,0,0.1111111111111111,2
True,9.0,1173.0,640.0,7951.0,9,1,1,1,employee,0,145,16.11111111111111,0,0.0,0
True,5.0,234.0,204.0,3380.0,1,1,0,0,employee,0,8,8.0,0,0.0,0
True,3.0,228.0,387.0,6470.0,1,1,0,0,employee,0,8,8.0,0,0.0,0
True,15.0,1461.0,855.0,11436.0,3,1,0,1,employee,0,54,18.0,0,0.0,0
True,19.0,684.0,419.0,6244.0,1,1,0,0,employee,0,9,9.0,0,0.0,0
True,11.0,177.0,398.0,6037.0,2,1,0,1,employee,0,17,8.5,0,0.0,0
True,3.0,197.0,216.0,3449.0,1,1,0,0,employee,0,8,8.0,0,0.0,0
False,1.0,6.0,203.0,3422.0,1,1,0,0,employee,0,8,8.0,0,0.0,0
True,1.0,10.0,4.0,59.0,0,0,0,0,employee,0,0,0,0,0,0
False,2.0,73.0,411.0,6900.0,1,1,0,0,employee,0,8,8.0,0,0.0,0
False,1.0,17.0,208.0,3484.0,6,1,1,1,employee,2,78,13.0,133,0.0,0
True,2.0,92.0,212.0,3577.0,2,1,0,1,employee,0,10,5.0,0,0.5,1
True,8.0,294.0,463.0,7526.0,18,1,2,1,employee,2,273,15.166666666666666,355,0.5,17
False,3.0,36.0,23.0,329.0,4,1,0,1,employee,0,45,11.25,0,2.0,8
True,54.0,1263.0,615.0,9559.0,10,1,1,1,employee,1,193,19.3,69,1.5,16
False,3.0,108.0,55.0,645.0,16,1,1,1,employee,19,1201,75.0625,6039,0.5625,13
True,2.0,189.0,224.0,3705.0,2,1,0,1,employee,0,11,5.5,0,2.5,5
True,2.0,547.0,39.0,518.0,12,1,2,1,employee,16,3412,284.3333333333333,33743,0.75,26
False,2.0,25.0,7.0,121.0,2,1,0,1,employee,0,18,9.0,0,1.0,2
False,5.0,293.0,58.0,858.0,4,1,0,1,employee,0,76,19.0,0,0.5,2
False,3.0,19.0,149.0,1539.0,4,2,1,0,employee,0,39,9.75,0,68.75,0
True,7.0,824.0,301.0,4661.0,15,1,1,1,employee,2,643,42.86666666666667,521,0.0,2
True,53.0,2004.0,880.0,13720.0,2,1,0,1,employee,0,17,8.5,0,0.0,0
True,9.0,954.0,347.0,5204.0,1,1,0,0,employee,0,8,8.0,0,0.0,0
True,13.0,1038.0,138.0,1857.0,7,1,1,1,employee,0,88,12.571428571428571,0,2.2857142857142856,18
False,1.0,39.0,23.0,351.0,2,1,0,1,employee,0,10,5.0,0,0.0,0
True,7.0,507.0,304.0,4836.0,3,1,0,1,employee,0,35,11.666666666666666,0,0.0,0
True,8.0,294.0,463.0,7526.0,2,1,0,1,temporary,0,12,6.0,0,0.5,0
True,3.0,763.0,84.0,1138.0,3,1,0,1,employee,0,28,9.333333333333334,0,5.0,14
True,4.0,231.0,257.0,4219.0,1,1,0,0,employee,0,8,8.0,0,0.0,0
True,93.0,2515.0,1282.0,20671.0,11,1,1,1,employee,3,373,33.90909090909091,2998,0.0,0
True,8.0,272.0,25.0,320.0,17,1,2,2,employee,5,455,26.764705882352942,978,10.647058823529411,9
False,3.0,103.0,42.0,535.0,6,1,1,1,employee,3,364,60.666666666666664,3209,1.3333333333333333,9
True,1.0,41.0,10.0,98.0,3,1,1,1,employee,0,56,18.666666666666668,0,2.0,6
True,14.0,697.0,303.0,4972.0,3,1,1,0,employee,0,26,8.666666666666666,0,8.0,6
False,4.0,20.0,278.0,4602.0,1,1,0,0,employee,0,8,8.0,0,0.0,2
False,5.0,182.0,21.0,280.0,8,1,1,1,employee,0,174,21.75,0,0.625,2
False,25.0,1086.0,208.0,3418.0,5,1,1,1,employee,0,72,14.4,0,0.0,1
True,1.0,10.0,5.0,54.0,2,1,0,0,employee,0,16,8.0,0,0.5,1
False,7.0,340.0,61.0,924.0,2,1,0,1,employee,0,21,10.5,0,0.5,0
False,4.0,141.0,25.0,393.0,2,1,0,1,employee,0,11,5.5,0,0.0,0
False,1.0,79.0,12.0,102.0,1,1,0,0,employee,0,8,8.0,0,0.0,0
True,13.0,1038.0,138.0,1857.0,2,1,0,1,employee,0,18,9.0,0,0.0,0
False,5.0,81.0,299.0,4959.0,6,1,2,1,employee,0,49,8.166666666666666,0,0.0,0
True,5.0,153.0,96.0,1170.0,3,1,0,1,employee,0,24,8.0,0,0.0,7
True,17.0,488.0,99.0,1717.0,2,1,0,1,employee,0,31,15.5,0,2.0,4
False,1.0,133.0,245.0,4127.0,1,1,0,0,employee,0,8,8.0,0,0.0,4
True,6.0,372.0,270.0,4754.0,4,1,1,1,employee,0,25,6.25,0,0.75,4
True,7.0,171.0,504.0,8364.0,6,1,1,1,employee,0,69,11.5,0,0.3333333333333333,3
True,1.0,253.0,17.0,254.0,2,1,0,1,employee,0,35,17.5,0,1.0,2
True,2.0,218.0,253.0,4213.0,1,1,0,0,employee,0,8,8.0,0,0.0,0
False,1.0,2.0,6.0,96.0,2,1,0,1,employee,0,11,5.5,0,0.0,0
True,9.0,349.0,17.0,346.0,11,1,2,1,employee,0,224,20.363636363636363,0,0.0,4
False,28.0,157.0,630.0,9212.0,2,1,0,1,employee,0,15,7.5,0,2.0,4
True,2.0,274.0,17.0,265.0,3,1,0,1,employee,0,39,13.0,0,0.6666666666666666,3
True,8.0,577.0,536.0,8843.0,11,1,1,1,employee,0,184,16.727272727272727,0,0.09090909090909091,3
True,8.0,482.0,289.0,4678.0,24,2,3,1,employee,2,1145,47.708333333333336,429,3.0416666666666665,129
True,6.0,562.0,284.0,5039.0,10,1,1,1,employee,1,208,20.8,450,0.9,10
True,16.0,657.0,37.0,987.0,11,1,1,1,employee,0,222,20.181818181818183,0,0.0,0
True,7.0,443.0,274.0,4516.0,6,1,1,1,employee,0,377,62.833333333333336,0,11.333333333333334,0
True,5.0,293.0,71.0,1123.0,0,0,0,0,employee,0,0,0,0,0,0
False,8.0,197.0,25.0,647.0,5,1,1,0,employee,0,38,7.6,0,0.0,0
True,9.0,239.0,857.0,12931.0,13,2,1,1,employee,0,296,22.76923076923077,0,3.923076923076923,57
False,2.0,82.0,15.0,196.0,1,1,0,0,employee,0,8,8.0,0,0.0,0
False,1.0,69.0,11.0,96.0,1,1,0,0,employee,0,8,8.0,0,0.0,0
True,1.0,167.0,53.0,629.0,3,1,1,1,employee,0,46,15.333333333333334,0,0.3333333333333333,1
True,52.0,1751.0,1275.0,17891.0,5,1,0,1,employee,0,52,10.4,0,0.0,1
False,4.0,302.0,55.0,694.0,2,1,0,1,employee,0,18,9.0,0,0.0,0
True,5.0,212.0,155.0,1875.0,1,1,0,0,employee,0,8,8.0,0,0.0,0
False,3.0,294.0,312.0,5050.0,1,1,0,0,employee,0,8,8.0,0,0.0,0
False,1.0,94.0,206.0,3723.0,2,1,0,1,employee,0,12,6.0,0,0.0,0
False,2.0,52.0,73.0,972.0,1,1,0,0,employee,0,8,8.0,0,0.0,0
True,13.0,1735.0,604.0,10307.0,13,3,1,1,employee,0,173,13.307692307692308,0,3.0,53
True,4.0,576.0,281.0,5294.0,5,1,0,1,employee,0,46,9.2,0,0.4,3
False,2.0,155.0,206.0,3820.0,1,1,0,0,employee,0,8,8.0,0,0.0,0
True,6.0,256.0,507.0,8623.0,1,1,0,0,employee,0,8,8.0,0,0.0,0
True,2.0,255.0,29.0,544.0,2,1,0,0,employee,0,17,8.5,0,0.0,0
True,4.0,148.0,508.0,9352.0,4,1,1,1,employee,0,56,14.0,0,5.5,29
False,1.0,3.0,220.0,4266.0,2,1,0,1,employee,0,11,5.5,0,0.5,1
True,9.0,239.0,857.0,12931.0,5,1,3,0,employee,0,87,17.4,0,3.2,0
False,1.0,2.0,12.0,104.0,2,1,0,1,employee,0,13,6.5,0,0.5,1
False,12.0,1129.0,111.0,1859.0,1,1,0,0,employee,0,8,8.0,0,0.0,5
False,2.0,66.0,18.0,232.0,2,1,0,1,employee,0,20,10.0,0,2.0,4
True,27.0,185.0,1004.0,15559.0,1,1,0,0,employee,0,8,8.0,0,0.0,0
True,66.0,1485.0,1861.0,28275.0,10,2,0,1,employee,1,258,25.8,103,0.0,0
False,1.0,371.0,55.0,695.0,1,1,0,0,employee,0,8,8.0,0,0.0,0
True,13.0,311.0,25.0,449.0,22,2,2,1,employee,0,441,20.045454545454547,0,0.2727272727272727,8
False,1.0,4.0,5.0,114.0,1,1,0,0,employee,0,9,9.0,0,0.0,0
True,43.0,5725.0,1189.0,20257.0,13,1,2,1,employee,0,207,15.923076923076923,0,0.0,0
False,31.0,292.0,494.0,7816.0,3,1,0,0,employee,0,27,9.0,0,0.0,0
True,1.0,42.0,5.0,43.0,5,1,1,1,employee,0,70,14.0,0,0.0,0
False,1.0,0.0,0.0,0.0,1,1,0,0,employee,0,9,9.0,0,0.0,0
True,191.0,2737.0,3931.0,54345.0,46,1,4,1,employee,29,1921,41.76086956521739,10159,0.021739130434782608,4
False,5.0,84.0,141.0,1925.0,1,1,0,0,employee,0,9,9.0,0,0.0,0
True,318.0,3689.0,6854.0,93992.0,2,1,0,0,employee,0,16,8.0,0,0.0,0
True,19.0,522.0,778.0,10455.0,0,0,0,0,employee,0,0,0,0,0,0
False,1.0,321.0,51.0,602.0,1,1,0,0,employee,0,9,9.0,0,0.0,0
False,3.0,21.0,182.0,2892.0,1,1,0,0,employee,0,8,8.0,0,0.0,0
True,19.0,3998.0,520.0,8286.0,16,2,2,1,employee,0,306,19.125,0,0.0,0
True,11.0,135.0,116.0,1827.0,2,1,0,1,employee,0,20,10.0,0,0.0,0
True,2.0,99.0,142.0,2523.0,1,1,0,0,employee,0,8,8.0,0,0.0,0
False,1.0,50.0,12.0,114.0,1,1,0,0,employee,0,8,8.0,0,0.0,0
False,1.0,34.0,35.0,586.0,1,1,0,0,employee,0,8,8.0,0,0.0,0
True,8.0,493.0,362.0,6094.0,2,1,0,1,employee,0,11,5.5,0,0.5,1
True,2.0,222.0,163.0,2706.0,1,1,0,0,employee,0,8,8.0,0,0.0,1
False,2.0,34.0,143.0,2513.0,1,1,0,0,employee,0,8,8.0,0,0.0,1
True,9.0,578.0,255.0,3973.0,4,1,1,1,employee,0,75,18.75,0,0.25,1
True,18.0,1558.0,508.0,7793.0,3,1,0,1,employee,0,62,20.666666666666668,0,0.0,0
True,7.0,356.0,92.0,1267.0,1,1,0,0,employee,0,8,8.0,0,0.0,0
True,6.0,516.0,27.0,437.0,1,1,0,0,employee,0,8,8.0,0,0.0,0
False,1.0,20.0,5.0,88.0,1,1,0,0,employee,0,8,8.0,0,0.0,0
True,8.0,482.0,289.0,4678.0,9,1,2,1,employee,1,248,27.555555555555557,753,0.0,0
True,5.0,369.0,234.0,4324.0,9,1,1,1,employee,1,210,23.333333333333332,806,0.0,0
True,4.0,287.0,227.0,4254.0,5,1,0,1,employee,1,130,26.0,753,0.0,0
True,27.0,1930.0,1273.0,22354.0,6,1,1,1,employee,0,95,15.833333333333334,0,0.0,0
True,6.0,96.0,222.0,4305.0,6,1,1,1,employee,4,161,26.833333333333332,312,0.0,0
False,2.0,65.0,268.0,4801.0,1,1,0,0,employee,0,8,8.0,0,0.0,0
True,3.0,253.0,232.0,4274.0,2,1,0,1,employee,0,12,6.0,0,0.0,0
False,9.0,90.0,403.0,6839.0,3,1,0,1,employee,0,18,6.0,0,0.0,0
True,4.0,292.0,245.0,4566.0,8,1,2,1,employee,0,150,18.75,0,0.0,0
True,3.0,237.0,225.0,4326.0,1,1,0,0,employee,0,8,8.0,0,0.0,0
True,3.0,68.0,6.0,93.0,9,1,3,1,employee,1,313,34.77777777777778,1251,0.0,0
True,3.0,237.0,225.0,4326.0,1,1,0,0,employee,0,8,8.0,0,0.0,0
True,4.0,241.0,16.0,299.0,1,1,0,0,employee,0,8,8.0,0,0.0,0
False,4.0,141.0,10.0,257.0,2,1,1,0,employee,0,21,10.5,0,0.0,0
True,10.0,389.0,292.0,5152.0,3,1,1,0,employee,0,31,10.333333333333334,0,0.0,0
True,2.0,184.0,234.0,4510.0,4,1,2,1,employee,0,23,5.75,0,0.0,1
True,9.0,397.0,589.0,10317.0,9,1,1,2,employee,0,240,26.666666666666668,0,0.0,5
True,2.0,8.0,227.0,4371.0,2,1,0,1,employee,0,11,5.5,0,0.0,0
True,2.0,279.0,239.0,4471.0,2,1,0,1,employee,0,11,5.5,0,1.5,3
True,13.0,627.0,339.0,5785.0,2,1,0,0,employee,0,16,8.0,0,0.0,0
False,2.0,4.0,18.0,458.0,1,1,0,0,employee,0,9,9.0,0,0.0,0
True,8.0,754.0,57.0,760.0,1,1,0,0,employee,0,8,8.0,0,0.0,0
True,15.0,608.0,952.0,16399.0,1,1,0,0,employee,0,4,4.0,0,0.0,0
True,3.0,294.0,260.0,4773.0,1,1,0,0,employee,0,4,4.0,0,0.0,0
False,1.0,66.0,221.0,4358.0,1,1,0,0,employee,0,4,4.0,0,0.0,0
True,3.0,138.0,229.0,4497.0,3,1,0,1,employee,0,10,3.3333333333333335,0,1.0,3
False,3.0,75.0,19.0,376.0,1,1,0,0,employee,0,4,4.0,0,0.0,0
True,8.0,172.0,552.0,10389.0,9,1,1,2,employee,0,47,5.222222222222222,0,0.2222222222222222,2
True,15.0,515.0,555.0,10654.0,8,1,2,1,employee,0,68,8.5,0,1.75,14
True,3.0,282.0,337.0,5555.0,2,1,0,1,employee,0,8,4.0,0,0.0,0
False,3.0,71.0,281.0,5249.0,3,1,1,0,employee,1,49,16.333333333333332,171,0.0,12
False,1.0,2.0,37.0,520.0,2,1,0,1,employee,0,10,5.0,0,6.0,12
False,2.0,140.0,20.0,222.0,3,1,0,1,employee,0,48,16.0,0,3.0,10
True,5.0,253.0,252.0,4882.0,7,1,1,2,employee,0,91,13.0,0,1.0,9
False,2.0,19.0,226.0,4453.0,2,1,0,0,employee,0,16,8.0,0,0.0,9
False,2.0,21.0,231.0,4522.0,3,1,0,1,employee,0,23,7.666666666666667,0,3.0,9
False,1.0,0.0,0.0,0.0,3,1,0,1,employee,0,23,7.666666666666667,0,2.0,6
True,2.0,250.0,18.0,252.0,11,3,0,1,temporary,0,433,39.36363636363637,0,0.18181818181818182,2
False,3.0,34.0,322.0,5727.0,5,1,0,2,employee,0,50,10.0,0,0.0,1
True,16.0,618.0,556.0,10758.0,1,1,0,0,employee,0,8,8.0,0,0.0,0
True,4.0,464.0,36.0,632.0,2,1,0,1,employee,0,28,14.0,0,0.0,0
False,2.0,43.0,100.0,1303.0,8,1,0,2,employee,0,75,9.375,0,0.375,3
True,5.0,432.0,54.0,458.0,31,1,3,2,employee,4,1089,35.12903225806452,2207,0.2903225806451613,16
True,8.0,555.0,509.0,9518.0,2,1,0,1,employee,0,25,12.5,0,3.5,7
False,1.0,19.0,12.0,100.0,1,1,0,0,employee,0,8,8.0,0,0.0,0
True,3.0,184.0,115.0,1575.0,1,1,0,0,employee,0,8,8.0,0,0.0,0
False,1.0,76.0,33.0,386.0,1,1,0,0,employee,0,9,9.0,0,0.0,3
False,3.0,255.0,42.0,537.0,4,1,1,1,employee,0,27,6.75,0,0.0,1
False,1.0,21.0,233.0,4546.0,1,1,0,0,employee,0,9,9.0,0,0.0,0
False,1.0,1.0,65.0,722.0,1,1,0,0,employee,0,9,9.0,0,0.0,0
True,3.0,247.0,260.0,4818.0,2,1,0,1,employee,0,14,7.0,0,3.5,7
False,2.0,39.0,236.0,4586.0,1,1,0,0,employee,0,9,9.0,0,0.0,6
True,1.0,60.0,21.0,414.0,2,1,0,1,employee,0,12,6.0,0,3.0,6
True,40.0,3103.0,1650.0,30997.0,10,2,0,2,employee,0,154,15.4,0,2.2,24
True,9.0,535.0,70.0,662.0,5,2,1,1,employee,0,136,27.2,0,1.0,2
True,1.0,22.0,8.0,144.0,2,1,0,1,employee,0,11,5.5,0,1.0,2
True,4.0,534.0,292.0,5127.0,5,1,1,1,employee,0,52,10.4,0,0.4,3
False,3.0,230.0,276.0,5243.0,5,1,0,2,employee,0,38,7.6,0,1.6,9
True,210.0,24448.0,1648.0,22157.0,3,1,0,1,temporary,0,53,17.666666666666668,0,0.0,0
True,475.0,48296.0,4591.0,66387.0,1,1,0,0,employee,0,9,9.0,0,0.0,0
True,6.0,823.0,292.0,5153.0,1,1,0,0,employee,0,9,9.0,0,0.0,0
True,5.0,155.0,305.0,5568.0,1,1,0,0,employee,0,9,9.0,0,0.0,0
False,2.0,58.0,31.0,565.0,0,0,0,0,employee,0,0,0,0,0,0
True,3.0,117.0,24.0,374.0,1,1,0,0,employee,0,9,9.0,0,0.0,0
False,1.0,16.0,18.0,337.0,1,1,0,0,employee,0,9,9.0,0,0.0,0
False,2.0,35.0,306.0,5699.0,1,1,0,0,employee,0,9,9.0,0,0.0,0
False,1.0,20.0,1.0,20.0,1,1,0,0,employee,0,9,9.0,0,0.0,0
False,2.0,56.0,19.0,276.0,1,1,0,0,employee,0,9,9.0,0,0.0,0
False,3.0,98.0,25.0,266.0,1,1,0,0,employee,0,9,9.0,0,0.0,0
True,16.0,2340.0,292.0,5450.0,7,1,1,2,employee,2,225,32.142857142857146,1579,0.42857142857142855,4
True,6.0,364.0,269.0,5333.0,7,1,2,1,employee,1,172,24.571428571428573,410,0.0,4
False,3.0,26.0,265.0,5050.0,1,1,0,0,employee,0,8,8.0,0,0.0,4
True,3.0,294.0,262.0,5116.0,2,1,0,1,employee,0,18,9.0,0,0.5,1
True,2.0,125.0,269.0,5270.0,2,1,0,1,employee,0,26,13.0,0,0.0,0
True,2.0,271.0,30.0,483.0,1,1,0,0,employee,0,8,8.0,0,0.0,0
False,2.0,124.0,331.0,6353.0,5,1,0,2,employee,0,28,5.6,0,0.0,1
False,2.0,40.0,285.0,5337.0,1,1,0,0,employee,0,8,8.0,0,0.0,0
True,1.0,426.0,69.0,520.0,2,1,0,1,employee,0,15,7.5,0,0.0,3
True,5.0,278.0,57.0,515.0,1,1,0,0,employee,0,8,8.0,0,0.0,0
True,3.0,118.0,275.0,5512.0,1,1,0,0,employee,0,8,8.0,0,0.0,0
True,4.0,150.0,294.0,5753.0,2,1,0,1,employee,0,13,6.5,0,0.0,0
False,2.0,56.0,1.0,46.0,1,1,0,0,employee,0,8,8.0,0,0.0,0
True,20.0,1715.0,151.0,1732.0,4,1,0,3,employee,0,81,20.25,0,0.25,1
True,4.0,618.0,52.0,602.0,3,1,0,2,employee,0,20,6.666666666666667,0,0.0,0
False,1.0,27.0,1.0,27.0,1,1,0,0,employee,0,8,8.0,0,0.0,0
True,3.0,542.0,100.0,1235.0,0,0,0,0,employee,0,0,0,0,0,0
True,5.0,957.0,344.0,6826.0,2,1,0,1,employee,0,18,9.0,0,1.5,3
True,5.0,12532.0,339.0,6571.0,1,1,0,0,employee,0,8,8.0,0,0.0,3
True,7.0,537.0,30.0,169.0,12,1,2,1,employee,0,196,16.333333333333332,0,0.3333333333333333,10
True,6.0,331.0,613.0,12300.0,2,1,0,1,employee,0,19,9.5,0,1.0,34
True,16.0,1428.0,915.0,17437.0,24,1,2,2,employee,0,613,25.541666666666668,0,1.0833333333333333,28
False,2.0,11.0,10.0,279.0,6,1,1,1,employee,0,46,7.666666666666667,0,0.0,0
False,8.0,735.0,65.0,992.0,1,1,0,0,employee,0,9,9.0,0,0.0,0
True,5.0,957.0,344.0,6826.0,1,1,0,0,employee,0,9,9.0,0,0.0,0
False,2.0,1629.0,29.0,793.0,1,1,0,0,employee,0,9,9.0,0,0.0,0
False,1.0,15.0,21.0,168.0,2,1,1,0,employee,0,10,5.0,0,0.0,0
False,1.0,44.0,294.0,6129.0,1,1,0,0,employee,0,8,8.0,0,0.0,7
True,10.0,2061.0,123.0,2143.0,1,1,0,0,employee,0,8,8.0,0,0.0,6
True,1.0,127.0,12.0,160.0,3,2,1,0,employee,0,25,8.333333333333334,0,0.0,6
True,1.0,103.0,5.0,104.0,7,2,1,1,employee,1,92,13.142857142857142,205,1.1428571428571428,5
True,6.0,309.0,322.0,6576.0,4,1,1,0,employee,0,76,19.0,0,0.25,4
False,2.0,126.0,107.0,1351.0,5,1,1,1,employee,0,34,6.8,0,0.0,3
False,1.0,3.0,295.0,6147.0,1,1,0,0,employee,0,8,8.0,0,0.0,0
False,1.0,6.0,295.0,6147.0,2,1,1,0,employee,0,10,5.0,0,0.0,0
True,1.0,2.0,1.0,46.0,6,1,1,1,employee,0,55,9.166666666666666,0,0.0,0
True,3.0,565.0,338.0,6712.0,1,1,0,0,employee,0,8,8.0,0,0.0,0
True,4.0,800.0,370.0,6974.0,1,1,0,0,employee,0,8,8.0,0,0.0,0
True,3.0,111.0,303.0,6334.0,1,1,0,0,employee,0,8,8.0,0,0.0,0
False,14.0,1427.0,100.0,1024.0,24,1,2,3,employee,6,573,23.875,2844,0.08333333333333333,3
False,1.0,61.0,299.0,6230.0,6,1,2,0,employee,1,325,54.166666666666664,114,0.3333333333333333,0
True,3.0,265.0,329.0,6719.0,1,1,0,0,employee,0,8,8.0,0,0.0,2
True,2.0,171.0,22.0,338.0,2,1,0,1,employee,0,12,6.0,0,1.0,2
True,10.0,280.0,438.0,8237.0,3,1,0,0,employee,0,25,8.333333333333334,0,0.0,2
False,1.0,4.0,299.0,6234.0,1,1,0,0,employee,0,8,8.0,0,0.0,2
True,6.0,282.0,380.0,7417.0,13,1,2,2,employee,3,313,24.076923076923077,842,0.0,2
True,6.0,367.0,622.0,13028.0,1,1,0,0,employee,0,8,8.0,0,0.0,4
False,2.0,74.0,64.0,774.0,2,1,0,1,employee,0,27,13.5,0,0.0,0
False,1.0,22.0,300.0,6252.0,1,1,0,0,employee,0,8,8.0,0,0.0,0
True,8.0,489.0,72.0,550.0,6,1,2,1,employee,0,116,19.333333333333332,0,0.0,1
False,5.0,490.0,676.0,13735.0,5,1,1,1,employee,0,70,14.0,0,0.2,1
False,3.0,102.0,107.0,1404.0,1,1,0,0,employee,0,8,8.0,0,0.0,1
True,2.0,24.0,302.0,6275.0,1,1,0,0,employee,0,8,8.0,0,0.0,1
True,4.0,28.0,234.0,2712.0,1,1,0,0,employee,0,8,8.0,0,0.0,0
True,100.0,1550.0,1381.0,22014.0,1,1,0,0,employee,0,8,8.0,0,0.0,0
False,2.0,98.0,36.0,450.0,1,1,0,0,employee,0,8,8.0,0,0.0,0
True,3.0,240.0,23.0,446.0,17,1,1,2,employee,2,482,28.352941176470587,1547,0.0,2
True,2.0,144.0,48.0,542.0,1,1,0,0,employee,0,8,8.0,0,0.0,0
False,1.0,1485.0,308.0,6433.0,1,1,0,0,employee,0,8,8.0,0,0.0,0
True,4.0,236.0,319.0,6667.0,1,1,0,0,employee,0,8,8.0,0,0.0,0
True,7.0,1639.0,432.0,8111.0,3,1,1,1,employee,0,84,28.0,0,0.0,0
False,1.0,18.0,49.0,350.0,2,1,0,1,employee,0,21,10.5,0,0.0,0
False,3.0,891.0,65.0,774.0,1,1,0,0,employee,0,8,8.0,0,0.0,17
False,1.0,300.0,328.0,6863.0,1,1,0,0,employee,0,8,8.0,0,0.0,0
True,1.0,86.0,4.0,87.0,1,1,0,0,employee,0,8,8.0,0,0.0,0
True,6.0,154.0,359.0,7327.0,1,1,0,0,employee,0,8,8.0,0,0.0,10
True,13.0,651.0,201.0,2104.0,10,1,1,3,employee,0,207,20.7,0,0.5,7
False,1.0,2.0,49.0,350.0,1,1,0,0,employee,0,8,8.0,0,0.0,0
False,2.0,34.0,16.0,259.0,8,1,0,2,employee,4,289,36.125,1406,0.0,0
False,2.0,24.0,7.0,167.0,2,1,0,1,employee,0,10,5.0,0,2.5,5
True,3.0,818.0,402.0,7683.0,1,1,0,0,employee,0,8,8.0,0,0.0,5
True,5.0,540.0,395.0,7879.0,3,1,0,2,employee,0,45,15.0,0,1.3333333333333333,4
False,1.0,42.0,328.0,6863.0,1,1,0,0,employee,0,8,8.0,0,0.0,0
True,29.0,2296.0,358.0,3809.0,2,1,0,0,employee,0,16,8.0,0,0.5,1
True,27.0,2254.0,336.0,3520.0,4,1,0,1,employee,2,1380,345.0,3226,0.0,1
True,7.0,1305.0,481.0,8585.0,3,1,0,2,employee,0,57,19.0,0,0.0,4
False,3.0,64.0,61.0,677.0,2,1,0,1,employee,0,11,5.5,0,0.0,0
True,18.0,893.0,226.0,1840.0,1,1,0,0,employee,0,9,9.0,0,0.0,0
True,2.0,46.0,359.0,7323.0,1,1,0,0,employee,0,9,9.0,0,0.0,3
True,8.0,692.0,498.0,9005.0,1,1,0,0,employee,0,9,9.0,0,0.0,3
False,4.0,505.0,416.0,7818.0,1,1,0,0,employee,0,9,9.0,0,0.0,0
False,11.0,215.0,786.0,15702.0,1,1,0,0,employee,0,9,9.0,0,0.0,0
True,2.0,279.0,33.0,346.0,4,1,0,2,employee,0,45,11.25,0,0.0,0
True,2.0,134.0,19.0,135.0,2,1,0,1,employee,0,11,5.5,0,1.5,3
False,2.0,12.0,381.0,7729.0,2,1,0,1,employee,0,11,5.5,0,0.0,0
False,2.0,40.0,396.0,7636.0,2,1,0,1,employee,0,13,6.5,0,0.0,0
False,4.0,446.0,387.0,7893.0,3,1,0,0,employee,0,25,8.333333333333334,0,0.0,0
True,8.0,692.0,498.0,9005.0,1,1,0,0,employee,0,8,8.0,0,0.0,0
True,14.0,1571.0,911.0,17077.0,6,1,1,2,employee,1,170,28.333333333333332,251,0.0,0
True,6.0,331.0,613.0,12300.0,1,1,0,0,employee,0,8,8.0,0,0.0,0
True,3.0,289.0,1116.0,22951.0,3,1,0,1,employee,0,15,5.0,0,0.0,0
False,2.0,58.0,448.0,8784.0,6,1,0,2,employee,3,226,37.666666666666664,385,0.0,0
False,3.0,27.0,386.0,7847.0,1,1,0,0,employee,0,8,8.0,0,0.0,0
False,1.0,32.0,379.0,7756.0,1,1,0,0,employee,0,8,8.0,0,0.0,0
True,15.0,4418.0,756.0,13850.0,1,1,0,0,employee,0,8,8.0,0,0.0,0
False,4.0,938.0,105.0,1091.0,1,1,0,0,employee,0,8,8.0,0,0.0,0
False,1.0,895.0,80.0,1691.0,1,1,0,0,employee,0,8,8.0,0,0.0,0
False,1.0,114.0,0.0,22.0,1,1,0,0,employee,0,8,8.0,0,0.0,0
True,40.0,3150.0,335.0,5163.0,5,1,0,1,employee,1,75,15.0,117,0.2,1
False,4.0,688.0,443.0,8516.0,1,1,0,0,employee,0,8,8.0,0,0.0,0
True,4.0,485.0,444.0,8489.0,10,1,0,2,employee,5,325,32.5,2084,0.2,10
False,1.0,27.0,369.0,7581.0,1,1,0,0,employee,0,8,8.0,0,0.0,0
False,3.0,179.0,389.0,7835.0,1,1,0,0,employee,0,4,4.0,0,0.0,0
False,1.0,36.0,12.0,176.0,0,0,0,0,employee,0,0,0,0,0,0
False,7.0,337.0,82.0,1263.0,1,1,0,0,employee,0,8,8.0,0,0.0,0
True,7.0,490.0,465.0,8651.0,1,1,0,0,employee,0,8,8.0,0,0.0,0
False,1.0,37.0,41.0,599.0,2,1,0,1,employee,0,10,5.0,0,0.0,0
False,2.0,12.0,397.0,7819.0,7,2,1,1,temporary,0,124,17.714285714285715,0,0.42857142857142855,4
True,3.0,298.0,444.0,8649.0,1,1,0,0,employee,0,8,8.0,0,0.0,3
True,6.0,729.0,421.0,8447.0,2,1,0,0,employee,0,16,8.0,0,1.0,3
True,3.0,380.0,443.0,8630.0,1,1,0,0,employee,0,8,8.0,0,0.0,3
True,6.0,727.0,432.0,8296.0,5,1,0,3,employee,0,42,8.4,0,0.6,3
False,2.0,85.0,372.0,7644.0,2,1,0,0,employee,0,16,8.0,0,0.0,2
True,3.0,261.0,408.0,8143.0,1,1,0,0,employee,0,8,8.0,0,0.0,2
True,3.0,474.0,418.0,8200.0,1,1,0,0,employee,0,8,8.0,0,0.0,2
True,3.0,917.0,471.0,9049.0,6,1,0,2,employee,1,70,11.666666666666666,77,0.3333333333333333,2
False,4.0,90.0,49.0,606.0,3,1,0,1,employee,0,19,6.333333333333333,0,0.0,0
True,6.0,654.0,52.0,714.0,2,1,0,1,employee,0,11,5.5,0,0.0,0
True,502.0,23296.0,6753.0,97782.0,1,1,0,0,employee,0,8,8.0,0,0.0,0
False,1.0,285.0,399.0,8910.0,1,1,0,0,employee,0,8,8.0,0,0.0,0
True,13.0,407.0,34.0,410.0,1,0,0,1,employee,0,18,18.0,0,0.0,0
False,1.0,8.0,0.0,2.0,1,1,0,0,employee,0,8,8.0,0,0.0,0
False,1.0,5322.0,399.0,8622.0,1,1,0,0,employee,0,8,8.0,0,0.0,2
False,2.0,88.0,105.0,1529.0,1,1,0,0,employee,0,8,8.0,0,0.0,0
True,108.0,5119.0,3310.0,58104.0,36,2,2,2,employee,12,1432,39.77777777777778,2453,0.0,0
True,108.0,5119.0,3310.0,58104.0,2,1,0,1,employee,0,14,7.0,0,0.0,0
False,2.0,28.0,58.0,498.0,2,1,0,1,employee,0,15,7.5,0,10.0,20
True,2.0,115.0,47.0,441.0,9,1,1,2,employee,0,147,16.333333333333332,0,0.0,0
True,7.0,737.0,39.0,744.0,2,1,0,0,employee,0,16,8.0,0,0.5,12
True,317.0,6960.0,6199.0,98742.0,7,1,1,2,employee,1,158,22.571428571428573,353,0.0,1
True,14.0,1454.0,1059.0,20760.0,7,2,0,2,employee,1,137,19.571428571428573,93,1.1428571428571428,9
False,1.0,932.0,403.0,8474.0,3,1,1,1,employee,0,21,7.0,0,0.0,0
True,1.0,115.0,16.0,116.0,3,1,1,0,employee,0,24,8.0,0,3.3333333333333335,12
True,6.0,517.0,457.0,9365.0,6,1,1,0,employee,0,86,14.333333333333334,0,2.1666666666666665,15
False,1.0,650.0,403.0,8492.0,1,1,0,0,employee,0,8,8.0,0,0.0,0
True,567.0,8506.0,6853.0,97246.0,1,1,0,0,employee,0,8,8.0,0,0.0,0
True,32.0,422.0,727.0,8376.0,2,1,1,0,employee,0,252,126.0,0,0.0,0
True,63.0,3065.0,1236.0,20161.0,29,1,2,2,employee,3,1419,48.93103448275862,1423,0.034482758620689655,2
True,4.0,132.0,24.0,212.0,1,1,0,0,employee,0,9,9.0,0,0.0,0
False,1.0,2.0,6.0,98.0,2,1,0,1,employee,0,21,10.5,0,0.0,0
False,3.0,143.0,137.0,2679.0,1,1,0,0,employee,0,9,9.0,0,0.0,0
False,1.0,8.0,37.0,202.0,5,1,1,1,employee,1,61,12.2,121,0.0,0
False,1.0,16.0,29.0,177.0,2,1,0,1,employee,0,23,11.5,0,0.0,0
False,2.0,80.0,39.0,248.0,3,1,1,1,employee,0,152,50.666666666666664,0,0.0,0
False,1.0,100.0,0.0,0.0,1,1,0,0,employee,0,8,8.0,0,0.0,0
False,3.0,59.0,24.0,287.0,1,1,0,0,employee,0,8,8.0,0,0.0,0
True,8.0,543.0,428.0,8914.0,8,1,0,3,employee,1,202,25.25,1611,0.0,0
False,1.0,4.0,15.0,155.0,3,1,0,2,employee,0,15,5.0,0,0.0,0
False,1.0,15.0,405.0,8501.0,0,0,0,0,employee,0,0,0,0,0,0
True,13.0,439.0,498.0,9461.0,0,0,0,0,employee,0,0,0,0,0,0
False,2.0,24.0,409.0,8551.0,2,1,0,0,employee,0,16,8.0,0,0.0,0
False,1.0,49.0,40.0,308.0,4,1,1,1,employee,0,54,13.5,0,0.0,0
False,2.0,46.0,26.0,384.0,0,0,0,0,employee,0,0,0,0,0,0
True,31.0,1264.0,1605.0,31286.0,12,1,1,2,employee,4,928,77.33333333333333,1004,0.75,1
True,11.0,615.0,558.0,9835.0,4,1,1,1,employee,0,29,7.25,0,0.5,4
True,2.0,167.0,13.0,124.0,4,1,1,1,employee,1,116,29.0,459,0.5,1
True,14.0,889.0,667.0,11349.0,4,1,0,1,employee,2,228,57.0,992,0.0,0
True,9.0,315.0,426.0,8832.0,0,0,0,0,employee,0,0,0,0,0,0
False,3.0,40.0,417.0,8689.0,0,0,0,0,employee,0,0,0,0,0,0
True,13.0,865.0,631.0,10463.0,7,2,1,1,employee,0,39,5.571428571428571,0,0.5714285714285714,0
False,1.0,40.0,8.0,210.0,4,1,1,2,employee,0,32,8.0,0,0.0,0
True,27.0,1811.0,1581.0,30239.0,1,1,0,0,employee,0,8,8.0,0,0.0,0
True,11.0,925.0,490.0,10004.0,3,1,0,2,employee,0,33,11.0,0,0.0,0
True,11.0,615.0,558.0,9835.0,0,0,0,0,employee,0,0,0,0,0,0
False,2.0,250.0,73.0,628.0,1,1,0,0,employee,0,9,9.0,0,0.0,0
False,1.0,2.0,408.0,8568.0,1,1,0,0,employee,0,8,8.0,0,0.0,0
False,2.0,221.0,43.0,329.0,1,1,0,0,employee,0,8,8.0,0,0.0,0
True,52.0,123.0,1391.0,19647.0,4,1,0,1,employee,4,184,46.0,1150,0.0,0
True,7.0,182.0,473.0,9054.0,8,1,1,1,employee,0,71,8.875,0,0.0,0
True,4.0,478.0,458.0,9228.0,1,1,0,0,employee,0,8,8.0,0,0.0,0
False,2.0,35.0,412.0,8689.0,1,1,0,0,employee,0,8,8.0,0,0.0,0
True,1.0,33.0,9.0,178.0,1,1,0,0,employee,0,8,8.0,0,0.0,0
True,9.0,720.0,485.0,9318.0,9,1,0,2,employee,0,155,17.22222222222222,0,0.0,1
True,5.0,283.0,422.0,8909.0,0,0,0,0,employee,0,0,0,0,0,0
True,24.0,1239.0,1461.0,29090.0,19,1,1,3,employee,5,806,42.421052631578945,6288,0.05263157894736842,1
False,1.0,8.0,407.0,8568.0,1,1,0,0,employee,0,8,8.0,0,0.0,0
False,1.0,2.0,17.0,325.0,3,1,1,1,employee,0,57,19.0,0,0.0,0
False,1.0,2.0,27.0,247.0,2,1,0,1,employee,0,11,5.5,0,0.0,0
False,1.0,51.0,9.0,193.0,1,1,0,0,employee,0,8,8.0,0,0.0,0
False,5.0,61.0,50.0,525.0,17,1,1,2,employee,4,275,16.176470588235293,550,0.058823529411764705,0
False,3.0,77.0,424.0,8811.0,6,1,1,2,employee,3,318,53.0,721,0.16666666666666666,2
True,7.0,571.0,50.0,912.0,7,1,0,2,employee,0,68,9.714285714285714,0,0.0,1
True,2.0,132.0,86.0,752.0,3,2,0,1,employee,0,28,9.333333333333334,0,0.0,0
False,1.0,14.0,4.0,65.0,0,0,0,0,employee,0,0,0,0,0,0
True,6.0,1184.0,516.0,10009.0,3,1,0,1,employee,0,58,19.333333333333332,0,0.0,0
True,8.0,1150.0,516.0,10534.0,2,0,0,1,employee,1,79,39.5,732,0.0,0
True,335.0,2720.0,4930.0,73914.0,0,0,0,0,employee,0,0,0,0,0,0
True,34.0,538.0,558.0,10648.0,8,2,1,1,employee,1,228,28.5,98,0.0,0
False,2.0,86.0,10.0,138.0,1,1,0,0,employee,0,8,8.0,0,0.0,0
False,1.0,17.0,8.0,82.0,1,1,0,0,employee,0,9,9.0,0,0.0,0
False,8.0,230.0,71.0,903.0,2,1,0,0,employee,0,17,8.5,0,0.0,0
True,1.0,14.0,65.0,505.0,2,1,0,1,employee,0,11,5.5,0,0.0,0
False,1.0,38.0,22.0,201.0,0,0,0,0,employee,0,0,0,0,0,0
False,1.0,34.0,45.0,970.0,1,1,0,0,employee,0,8,8.0,0,0.0,0
False,1.0,4.0,13.0,102.0,2,1,0,1,employee,0,10,5.0,0,0.0,0
False,1.0,4.0,9.0,193.0,1,1,0,0,employee,0,8,8.0,0,0.0,0
False,3.0,123.0,52.0,703.0,1,1,0,0,employee,0,8,8.0,0,0.0,0
False,9.0,245.0,61.0,682.0,0,0,0,0,employee,0,0,0,0,0,0
False,8.0,125.0,83.0,904.0,1,1,0,0,employee,0,8,8.0,0,0.0,0
False,1.0,24.0,407.0,8595.0,4,1,1,1,employee,0,80,20.0,0,0.0,0
False,1.0,39.0,408.0,8628.0,0,0,0,0,employee,0,0,0,0,0,0
False,4.0,116.0,96.0,1513.0,1,1,0,0,employee,0,8,8.0,0,0.0,0
False,1.0,6.0,6.0,102.0,1,1,0,0,employee,0,8,8.0,0,0.0,0
True,5.0,311.0,76.0,543.0,1,1,0,0,employee,0,8,8.0,0,0.0,0
False,4.0,116.0,458.0,9313.0,1,1,0,0,employee,0,8,8.0,0,0.0,0
False,1.0,33.0,20.0,145.0,0,0,0,0,employee,0,0,0,0,0,0
False,1.0,2.0,20.0,147.0,0,0,0,0,employee,0,0,0,0,0,0
False,2.0,18.0,38.0,530.0,2,1,0,1,employee,0,17,8.5,0,7.5,15
True,11.0,503.0,34.0,516.0,23,2,1,1,employee,0,530,23.043478260869566,0,0.5217391304347826,13
False,9.0,124.0,76.0,929.0,9,1,2,2,employee,0,447,49.666666666666664,0,0.7777777777777778,8
True,6.0,280.0,431.0,9009.0,3,1,1,0,employee,0,31,10.333333333333334,0,0.0,0
False,3.0,31.0,414.0,8717.0,5,1,1,1,employee,0,61,12.2,0,1.2,7
True,8.0,390.0,436.0,9097.0,1,1,0,0,employee,0,8,8.0,0,0.0,5
True,12.0,375.0,128.0,1100.0,14,1,2,0,employee,0,459,32.785714285714285,0,0.6428571428571429,11
False,11.0,781.0,614.0,10494.0,1,1,0,0,employee,0,9,9.0,0,0.0,2
True,8.0,2026.0,565.0,10590.0,14,1,3,3,employee,1,933,66.64285714285714,1928,0.6428571428571429,0
True,4.0,246.0,424.0,8839.0,0,0,0,0,employee,0,0,0,0,0,0
True,11.0,781.0,614.0,10494.0,1,1,0,0,employee,0,9,9.0,0,0.0,0
True,4.0,284.0,10.0,67.0,1,1,0,0,employee,0,8,8.0,0,0.0,45
False,7.0,163.0,538.0,9415.0,2,1,0,0,employee,0,16,8.0,0,0.0,3
False,1.0,24.0,16.0,362.0,0,0,0,0,employee,0,0,0,0,0,0
False,6.0,43.0,144.0,1326.0,3,1,1,0,employee,0,71,23.666666666666668,0,0.0,2
False,1.0,4.0,24.0,257.0,1,1,0,0,employee,0,8,8.0,0,0.0,2
True,4.0,215.0,428.0,8891.0,1,1,0,0,employee,0,8,8.0,0,0.0,1
True,2.0,41.0,15.0,254.0,1,1,0,0,employee,0,8,8.0,0,0.0,0
False,1.0,42.0,10.0,183.0,0,0,0,0,employee,0,0,0,0,0,0
True,63.0,6132.0,1631.0,25265.0,38,2,3,2,employee,15,3797,99.92105263157895,8908,0.21052631578947367,0
True,1.0,149.0,10.0,101.0,22,0,3,1,employee,5,2050,93.18181818181819,18039,0.5,0
False,4.0,156.0,74.0,1306.0,2,1,0,1,employee,0,25,12.5,0,0.0,0
True,3.0,88.0,41.0,562.0,5,1,0,2,employee,0,30,6.0,0,1.8,10
False,7.0,442.0,846.0,17595.0,4,1,0,1,employee,0,28,7.0,0,1.0,10
True,20.0,335.0,1150.0,22844.0,7,1,0,2,employee,0,56,8.0,0,1.0,33
True,6.0,389.0,156.0,1192.0,2,1,0,1,employee,0,11,5.5,0,0.0,0
True,9.0,413.0,576.0,9928.0,7,1,0,2,employee,0,101,14.428571428571429,0,3.7142857142857144,27
False,2.0,133.0,46.0,702.0,2,1,0,1,employee,0,16,8.0,0,0.0,0
True,4.0,196.0,72.0,574.0,0,0,0,0,employee,0,0,0,0,0,0
False,5.0,892.0,91.0,1350.0,2,1,0,1,employee,0,18,9.0,0,0.0,0
False,2.0,9.0,9.0,174.0,0,0,0,0,employee,0,0,0,0,0,0
False,2.0,43.0,13.0,196.0,0,0,0,0,employee,0,0,0,0,0,0
True,5.0,744.0,533.0,9622.0,1,1,0,0,employee,0,8,8.0,0,0.0,0
False,2.0,156.0,432.0,9058.0,0,0,0,0,employee,0,0,0,0,0,0
False,1.0,4.0,82.0,816.0,0,0,0,0,employee,0,0,0,0,0,0
False,1.0,6.0,18.0,338.0,0,0,0,0,employee,0,0,0,0,0,0
True,5.0,92.0,83.0,976.0,1,1,0,0,employee,0,8,8.0,0,0.0,0
True,24.0,2114.0,311.0,3146.0,13,1,1,1,employee,0,171,13.153846153846153,0,0.0,6
True,26.0,459.0,192.0,2852.0,1,0,0,1,employee,0,43,43.0,0,0.0,0
True,7.0,522.0,244.0,2392.0,2,1,0,0,employee,0,18,9.0,0,1.5,4
True,4.0,80.0,108.0,2162.0,4,1,0,2,employee,0,23,5.75,0,0.25,0
True,2.0,208.0,12.0,151.0,11,1,2,1,employee,0,299,27.181818181818183,0,0.5454545454545454,14
False,93.0,1311.0,2447.0,34799.0,6,1,0,1,employee,0,54,9.0,0,0.0,0
False,1.0,32.0,32.0,190.0,4,1,0,2,employee,2,306,76.5,1710,0.0,0
False,1.0,52.0,410.0,8568.0,0,0,0,0,employee,0,0,0,0,0,0
False,3.0,152.0,21.0,392.0,1,1,0,0,employee,0,4,4.0,0,0.0,0
False,10.0,346.0,66.0,746.0,18,4,2,2,employee,0,352,19.555555555555557,0,0.2777777777777778,9
True,2.0,234.0,29.0,450.0,4,1,0,2,employee,0,106,26.5,0,0.25,2
True,4.0,143.0,22.0,357.0,2,1,0,1,employee,0,12,6.0,0,0.0,0
False,1.0,2.0,34.0,279.0,0,0,0,0,employee,0,0,0,0,0,0
True,4.0,349.0,61.0,933.0,1,1,0,0,employee,0,9,9.0,0,0.0,0
False,2.0,10.0,12.0,148.0,2,0,1,1,employee,0,8,4.0,0,0.0,0
True,16.0,588.0,734.0,11091.0,3,1,0,2,employee,0,24,8.0,0,0.0,0
True,210.0,3763.0,2894.0,45079.0,4,1,0,2,employee,0,80,20.0,0,0.0,0
False,20.0,607.0,289.0,3885.0,1,1,0,0,employee,0,8,8.0,0,0.0,0
False,18.0,671.0,462.0,9158.0,1,1,0,0,employee,0,12,12.0,0,0.0,0
True,12.0,605.0,439.0,9074.0,5,1,0,1,employee,0,39,7.8,0,0.0,0
True,20.0,335.0,1150.0,22844.0,0,0,0,0,employee,0,0,0,0,0,0
False,3.0,8.0,419.0,8514.0,0,0,0,0,employee,0,0,0,0,0,0
True,75.0,6012.0,1028.0,15397.0,2,1,0,1,employee,0,20,10.0,0,0.0,0
False,1.0,6.0,361.0,7660.0,13,1,3,3,employee,0,333,25.615384615384617,0,0.07692307692307693,1
True,4.0,186.0,370.0,7836.0,1,1,0,0,employee,0,8,8.0,0,0.0,0
False,4.0,241.0,377.0,7938.0,1,1,0,0,employee,0,8,8.0,0,0.0,0
False,1.0,5.0,14.0,87.0,1,1,0,0,employee,0,8,8.0,0,0.0,0
True,4.0,218.0,364.0,7761.0,1,1,0,0,employee,0,8,8.0,0,0.0,0
False,2.0,49.0,365.0,7740.0,1,1,0,0,employee,0,8,8.0,0,0.0,2
False,2.0,15.0,53.0,537.0,1,1,0,0,employee,0,8,8.0,0,0.0,0
False,1.0,47.0,27.0,407.0,2,1,0,1,employee,0,10,5.0,0,0.0,0
True,9.0,481.0,385.0,7970.0,0,0,0,0,employee,0,0,0,0,0,0
False,6.0,247.0,393.0,8214.0,1,1,0,0,employee,0,9,9.0,0,0.0,0
True,4.0,218.0,364.0,7761.0,1,1,0,0,employee,0,8,8.0,0,0.0,0
True,50.0,294.0,778.0,11191.0,0,0,0,0,employee,0,0,0,0,0,0
False,7.0,1739.0,499.0,9303.0,1,1,0,0,employee,0,8,8.0,0,0.0,1
True,5.0,411.0,424.0,8436.0,3,1,0,1,employee,0,24,8.0,0,0.3333333333333333,1
True,5.0,1869.0,431.0,8699.0,1,1,0,0,employee,0,8,8.0,0,0.0,0
False,5.0,308.0,368.0,7809.0,2,1,0,1,employee,0,15,7.5,0,0.0,0
True,3.0,63.0,367.0,7794.0,1,1,0,0,employee,0,8,8.0,0,0.0,0
False,4.0,205.0,373.0,7876.0,1,1,0,0,employee,0,8,8.0,0,0.0,0
True,4.0,336.0,373.0,7861.0,1,1,0,0,employee,0,8,8.0,0,0.0,0
True,4.0,297.0,376.0,7871.0,1,1,0,0,employee,0,9,9.0,0,0.0,0
True,4.0,183.0,367.0,7786.0,1,1,0,0,employee,0,8,8.0,0,0.0,0
True,5.0,658.0,394.0,8228.0,1,1,0,0,employee,0,8,8.0,0,0.0,0
True,3.0,72.0,370.0,7815.0,1,1,0,0,employee,0,9,9.0,0,0.0,0
True,38.0,4017.0,3779.0,79411.0,2,1,0,1,employee,0,13,6.5,0,0.0,0
False,3.0,58.0,423.0,8482.0,0,0,0,0,employee,0,0,0,0,0,0
False,1.0,4.0,362.0,7680.0,1,1,0,0,employee,0,9,9.0,0,0.0,0
True,6.0,677.0,395.0,8260.0,1,1,0,0,employee,0,9,9.0,0,0.0,4
True,4.0,491.0,398.0,8243.0,1,1,0,0,employee,0,9,9.0,0,0.0,4
True,3.0,268.0,420.0,8430.0,2,1,0,1,employee,0,13,6.5,0,2.0,4
True,4.0,396.0,384.0,8087.0,2,1,0,0,employee,0,16,8.0,0,0.0,4
True,11.0,967.0,400.0,8571.0,1,1,0,0,employee,0,8,8.0,0,0.0,4
True,4.0,297.0,377.0,8010.0,1,1,0,0,employee,0,9,9.0,0,0.0,4
True,4.0,137.0,376.0,7953.0,2,1,0,0,employee,0,16,8.0,0,0.5,4
False,13.0,251.0,254.0,4089.0,3,1,0,2,employee,0,39,13.0,0,1.3333333333333333,4
True,4.0,640.0,419.0,8317.0,3,1,0,2,employee,0,18,6.0,0,1.3333333333333333,4
True,5.0,610.0,452.0,8808.0,1,1,0,0,employee,0,9,9.0,0,0.0,4
True,4.0,383.0,391.0,7972.0,1,1,0,0,employee,0,8,8.0,0,0.0,4
True,2.0,48.0,51.0,707.0,1,1,0,0,employee,0,9,9.0,0,0.0,4
False,7.0,513.0,467.0,9267.0,1,1,0,0,employee,0,8,8.0,0,0.0,4
False,4.0,204.0,374.0,7904.0,1,1,0,0,employee,0,8,8.0,0,0.0,4
False,4.0,228.0,373.0,7908.0,1,1,0,0,employee,0,8,8.0,0,0.0,4
False,4.0,152.0,366.0,7818.0,3,1,0,0,employee,0,26,8.666666666666666,0,0.0,2
False,5.0,274.0,375.0,7909.0,1,1,0,0,employee,0,8,8.0,0,0.0,2
True,5.0,271.0,380.0,7986.0,2,1,0,0,employee,0,16,8.0,0,0.5,2
False,4.0,225.0,385.0,8011.0,1,1,0,0,employee,0,9,9.0,0,0.0,1
False,3.0,19.0,372.0,7855.0,1,1,0,0,employee,0,8,8.0,0,0.0,1
False,4.0,135.0,10.0,280.0,1,1,0,0,employee,0,9,9.0,0,0.0,1
False,3.0,56.0,383.0,7911.0,1,1,0,0,employee,0,8,8.0,0,0.0,1
True,6.0,219.0,376.0,8224.0,1,1,0,0,employee,0,9,9.0,0,0.0,1
True,4.0,231.0,372.0,7936.0,1,1,0,0,employee,0,8,8.0,0,0.0,1
True,15.0,1410.0,148.0,2019.0,1,1,0,0,employee,0,9,9.0,0,0.0,0
False,3.0,50.0,66.0,868.0,1,1,0,0,employee,0,8,8.0,0,0.0,0
False,1.0,202.0,86.0,815.0,1,1,0,0,employee,0,8,8.0,0,0.0,0
True,6.0,579.0,70.0,924.0,1,1,0,0,employee,0,8,8.0,0,0.0,0
True,4.0,445.0,419.0,8354.0,0,0,0,0,employee,0,0,0,0,0,0
True,4.0,379.0,372.0,7900.0,1,1,0,0,employee,0,8,8.0,0,0.0,0
True,150.0,10757.0,9711.0,197336.0,0,0,0,0,employee,0,0,0,0,0,0
True,1.0,138.0,362.0,7556.0,2,1,0,1,employee,0,23,11.5,0,0.0,0
True,6.0,648.0,390.0,8056.0,2,1,0,0,employee,0,16,8.0,0,0.0,5
False,4.0,114.0,381.0,7993.0,4,1,0,1,employee,0,51,12.75,0,0.0,5
True,5.0,255.0,66.0,743.0,2,1,0,1,employee,0,13,6.5,0,2.5,5
True,11.0,2727.0,619.0,9761.0,8,1,1,2,employee,0,290,36.25,0,0.5,5
False,1.0,2.0,362.0,7556.0,1,1,0,0,employee,0,9,9.0,0,0.0,2
True,6.0,15820.0,405.0,8499.0,1,1,0,0,employee,0,8,8.0,0,0.0,0
True,6.0,15820.0,405.0,8499.0,0,0,0,0,employee,0,0,0,0,0,0
False,2.0,64.0,76.0,607.0,3,1,0,1,employee,1,65,21.666666666666668,464,0.0,0
True,4.0,282.0,36.0,303.0,14,1,2,2,employee,5,1485,106.07142857142857,3767,0.14285714285714285,0
True,167.0,2409.0,2908.0,42420.0,4,1,1,1,employee,0,36,9.0,0,0.75,0
False,1.0,7.0,5.0,146.0,5,1,0,2,employee,4,517,103.4,2656,0.0,0
False,1.0,2.0,361.0,7553.0,0,0,0,0,employee,0,0,0,0,0,0
True,3.0,185.0,9.0,161.0,0,0,0,0,employee,0,0,0,0,0,0
False,1.0,55.0,18.0,152.0,3,1,0,2,employee,0,108,36.0,0,2.3333333333333335,7
True,4.0,119.0,26.0,777.0,1,1,0,0,employee,0,8,8.0,0,0.0,7
False,3.0,92.0,58.0,825.0,7,1,0,2,employee,2,302,43.142857142857146,491,0.0,0
True,6.0,572.0,36.0,578.0,7,1,1,1,employee,0,179,25.571428571428573,0,0.0,0
False,1.0,23.0,23.0,186.0,1,1,0,0,employee,0,8,8.0,0,0.0,0
False,16.0,1964.0,214.0,2082.0,3,1,0,1,employee,0,44,14.666666666666666,0,3.3333333333333335,10
False,1.0,13.0,19.0,347.0,3,1,0,2,employee,1,27,9.0,204,1.0,3
False,3.0,17.0,24.0,454.0,4,1,0,2,employee,0,43,10.75,0,0.0,3
False,1.0,9.0,2.0,71.0,4,1,1,1,employee,0,115,28.75,0,0.5,2
True,9.0,2074.0,618.0,10491.0,2,1,0,1,employee,0,17,8.5,0,0.0,0
False,1.0,12.0,362.0,7599.0,11,1,2,1,employee,0,144,13.090909090909092,0,0.0,0
False,1.0,678.0,33.0,340.0,0,0,0,0,employee,0,0,0,0,0,0
False,2.0,106.0,379.0,7901.0,0,0,0,0,employee,0,0,0,0,0,0
False,1.0,17.0,363.0,7616.0,1,1,0,0,employee,0,9,9.0,0,0.0,0
False,2.0,83.0,362.0,7597.0,1,1,0,0,employee,0,8,8.0,0,0.0,0
False,41.0,249.0,995.0,17884.0,1,1,0,0,employee,0,8,8.0,0,0.0,0
True,4.0,474.0,71.0,583.0,12,1,2,2,employee,3,508,42.333333333333336,552,0.5833333333333334,8
False,1.0,44.0,34.0,198.0,1,1,0,0,employee,0,8,8.0,0,0.0,0
False,1.0,14.0,22.0,206.0,6,1,1,2,employee,0,60,10.0,0,0.0,0
True,4.0,193.0,370.0,7791.0,0,0,0,0,employee,0,0,0,0,0,0
False,1.0,4.0,362.0,7604.0,1,1,0,0,employee,0,8,8.0,0,0.0,0
True,49.0,2052.0,1122.0,13992.0,15,2,1,2,employee,0,249,16.6,0,0.2,4
False,1.0,2.0,29.0,482.0,1,1,0,0,employee,0,8,8.0,0,0.0,0
False,2.0,40.0,24.0,460.0,1,1,0,0,employee,0,8,8.0,0,0.0,3
False,2.0,46.0,63.0,855.0,1,1,0,0,employee,0,8,8.0,0,0.0,1
False,2.0,67.0,42.0,590.0,7,1,1,2,employee,0,154,22.0,0,0.14285714285714285,1
False,2.0,33.0,8.0,100.0,3,1,0,0,employee,0,26,8.666666666666666,0,0.0,0
False,7.0,728.0,54.0,811.0,7,1,1,2,employee,0,66,9.428571428571429,0,0.0,0
True,3.0,222.0,36.0,340.0,2,1,0,1,employee,0,27,13.5,0,0.0,0
False,2.0,428.0,25.0,216.0,1,0,0,1,employee,0,14,14.0,0,0.0,0
True,8.0,375.0,56.0,555.0,7,1,1,2,employee,3,307,43.857142857142854,9078,0.14285714285714285,1
True,8.0,598.0,175.0,1461.0,21,2,2,2,employee,2,418,19.904761904761905,337,0.0,0
False,4.0,291.0,102.0,1003.0,18,1,2,1,employee,1,268,14.88888888888889,49,0.0,39
True,10.0,1141.0,141.0,1166.0,2,1,0,0,employee,0,17,8.5,0,0.0,0
True,40.0,218.0,1337.0,24730.0,1,1,0,0,employee,0,8,8.0,0,0.0,0
True,7.0,142.0,204.0,1700.0,3,1,0,1,employee,4,284,94.66666666666667,544,0.0,0
False,2.0,23.0,91.0,816.0,1,1,0,0,employee,0,8,8.0,0,0.0,0
False,2.0,4.0,12.0,163.0,0,0,0,0,employee,0,0,0,0,0,0
True,4.0,38.0,35.0,659.0,0,0,0,0,employee,0,0,0,0,0,0
False,2.0,77.0,14.0,236.0,1,1,0,0,employee,0,8,8.0,0,0.0,0
False,5.0,178.0,27.0,418.0,0,0,0,0,employee,0,0,0,0,0,0
False,204.0,447.0,3057.0,46009.0,6,0,2,2,employee,1,219,36.5,228,0.0,0
False,1.0,26.0,23.0,184.0,1,1,0,0,employee,0,9,9.0,0,0.0,0
True,11.0,408.0,62.0,636.0,2,1,0,1,employee,0,10,5.0,0,0.0,0
False,1.0,13.0,3.0,94.0,0,0,0,0,employee,0,0,0,0,0,0
False,1.0,38.0,21.0,179.0,1,1,0,0,employee,0,8,8.0,0,0.0,1
False,8.0,18.0,31.0,623.0,3,1,1,0,employee,0,49,16.333333333333332,0,0.0,0
False,1.0,10.0,86.0,814.0,0,0,0,0,employee,0,0,0,0,0,0
False,7.0,151.0,149.0,1329.0,5,1,1,2,employee,0,25,5.0,0,0.0,0
True,1.0,72.0,8.0,174.0,2,1,0,1,temporary,0,14,7.0,0,0.0,0
False,5.0,118.0,11.0,223.0,13,1,2,3,employee,0,170,13.076923076923077,0,0.38461538461538464,7
False,2.0,68.0,21.0,263.0,0,0,0,0,employee,0,0,0,0,0,0
True,37.0,3733.0,443.0,4772.0,3,1,0,1,employee,0,29,9.666666666666666,0,2.3333333333333335,7
True,4.0,364.0,26.0,294.0,5,1,0,1,employee,0,37,7.4,0,1.0,19
False,4.0,51.0,50.0,803.0,3,1,0,0,employee,0,24,8.0,0,0.0,4
False,2.0,72.0,9.0,324.0,4,1,1,1,employee,0,25,6.25,0,0.5,2
True,4.0,98.0,18.0,297.0,1,1,0,0,employee,0,8,8.0,0,0.0,0
False,1.0,6.0,55.0,344.0,1,1,0,0,employee,0,8,8.0,0,0.0,0
False,2.0,81.0,436.0,9371.0,2,1,1,0,employee,0,10,5.0,0,0.0,0
True,4.0,210.0,28.0,285.0,1,1,0,0,employee,0,8,8.0,0,0.0,0
False,1.0,2.0,25.0,197.0,4,2,0,2,employee,0,29,7.25,0,0.25,1
False,3.0,15.0,117.0,1373.0,4,3,0,0,employee,1,98,24.5,307,98.0,4
False,1.0,2.0,45.0,196.0,1,1,0,0,employee,0,8,8.0,0,0.0,0
True,1.0,122.0,20.0,163.0,2,1,0,1,employee,0,11,5.5,0,0.0,0
True,36.0,3404.0,57.0,948.0,7,2,1,1,employee,0,185,26.428571428571427,0,1.0,0
False,2.0,39.0,101.0,855.0,0,0,0,0,employee,0,0,0,0,0,0
False,2.0,107.0,16.0,237.0,1,1,0,0,employee,0,8,8.0,0,0.0,0
False,10.0,245.0,491.0,9874.0,2,1,1,0,employee,0,11,5.5,0,0.0,0
False,11.0,102.0,56.0,949.0,0,0,0,0,employee,0,0,0,0,0,0
True,4.0,292.0,65.0,757.0,2,1,0,0,employee,0,17,8.5,0,0.0,0
False,3.0,65.0,446.0,9520.0,1,1,0,0,employee,0,8,8.0,0,0.0,25
False,6.0,551.0,23.0,611.0,16,1,3,2,employee,2,240,15.0,371,0.5,13
False,1.0,53.0,368.0,8369.0,1,1,0,0,employee,0,8,8.0,0,0.0,1
False,3.0,97.0,25.0,369.0,1,1,0,0,employee,0,8,8.0,0,0.0,0
True,20.0,2787.0,330.0,2955.0,1,1,0,0,employee,0,8,8.0,0,0.0,0
False,3.0,130.0,25.0,261.0,8,2,0,1,temporary,6,714,89.25,15358,0.5,5
False,2.0,24.0,43.0,610.0,13,1,1,2,employee,0,118,9.076923076923077,0,0.15384615384615385,3
True,40.0,5229.0,1064.0,16442.0,4,1,0,2,employee,0,47,11.75,0,0.0,0
False,4.0,38.0,210.0,2138.0,0,0,0,0,employee,0,0,0,0,0,0
False,10.0,313.0,700.0,11666.0,5,1,1,2,employee,0,68,13.6,0,0.0,0
False,2.0,79.0,34.0,300.0,4,1,1,1,employee,0,34,8.5,0,0.0,0
False,4.0,216.0,219.0,2082.0,0,0,0,0,employee,0,0,0,0,0,0
False,18.0,182.0,359.0,4034.0,1,1,0,0,temporary,0,8,8.0,0,0.0,0
True,1.0,48.0,82.0,1620.0,3,1,1,1,employee,0,26,8.666666666666666,0,0.0,0
True,4.0,260.0,33.0,255.0,7,1,2,1,employee,3,170,24.285714285714285,746,1.2857142857142858,10
True,1.0,48.0,82.0,1620.0,1,1,0,0,employee,0,9,9.0,0,0.0,0
True,1.0,48.0,82.0,1620.0,1,1,0,0,employee,0,8,8.0,0,0.0,0
False,6.0,66.0,284.0,2313.0,1,1,0,0,employee,0,8,8.0,0,0.0,9
True,4.0,77.0,189.0,1415.0,0,0,0,0,employee,0,0,0,0,0,0
False,9.0,40.0,228.0,2231.0,0,0,0,0,employee,0,0,0,0,0,0
True,6.0,584.0,194.0,2639.0,10,1,1,2,employee,2,163,16.3,582,0.1,1
False,1.0,25.0,72.0,1056.0,1,1,0,0,employee,0,9,9.0,0,0.0,0
False,6.0,94.0,58.0,570.0,4,1,0,1,employee,0,42,10.5,0,0.0,0
False,17.0,416.0,296.0,3565.0,8,2,2,2,employee,0,341,42.625,0,17.125,0
False,5.0,297.0,178.0,1528.0,1,1,0,0,employee,0,9,9.0,0,0.0,0
True,3.0,897.0,369.0,8350.0,5,1,1,1,employee,0,27,5.4,0,0.0,0
False,18.0,422.0,339.0,3898.0,0,0,0,0,employee,0,0,0,0,0,0
False,1.0,15.0,103.0,713.0,0,0,0,0,employee,0,0,0,0,0,0
False,3.0,50.0,144.0,999.0,1,1,0,0,employee,0,8,8.0,0,0.0,0
False,1.0,27.0,370.0,8380.0,1,1,0,0,employee,0,8,8.0,0,0.0,0
False,2.0,13.0,7.0,182.0,2,1,1,0,employee,0,10,5.0,0,0.0,0
False,1.0,15.0,5.0,117.0,1,1,0,0,employee,0,8,8.0,0,0.0,0
False,2.0,21.0,17.0,295.0,1,1,0,0,employee,0,8,8.0,0,0.0,0
False,2.0,12.0,8.0,187.0,1,1,0,0,employee,0,8,8.0,0,0.0,0
False,21.0,527.0,667.0,11878.0,0,0,0,0,employee,0,0,0,0,0,0
False,2.0,8.0,45.0,683.0,0,0,0,0,employee,0,0,0,0,0,0
False,3.0,38.0,91.0,976.0,0,0,0,0,employee,0,0,0,0,0,0
True,7.0,946.0,478.0,10092.0,1,1,0,0,employee,0,8,8.0,0,0.0,0
False,1.0,30.0,374.0,9053.0,1,1,0,0,employee,0,8,8.0,0,0.0,0
False,1.0,5.0,20.0,219.0,1,1,0,0,employee,0,8,8.0,0,0.0,0
True,12.0,1222.0,130.0,1456.0,1,1,0,0,employee,0,8,8.0,0,0.0,0
True,1.0,120.0,10.0,146.0,2,1,0,0,employee,0,12,6.0,0,0.0,0
False,1.0,14.0,40.0,532.0,0,0,0,0,employee,0,0,0,0,0,0
False,1.0,1.0,59.0,636.0,0,0,0,0,employee,0,0,0,0,0,0
True,2.0,59.0,60.0,511.0,1,1,0,0,employee,0,8,8.0,0,0.0,0
False,1.0,9.0,3.0,81.0,2,1,0,1,employee,0,17,8.5,0,0.0,0
False,4.0,287.0,82.0,1212.0,6,1,1,2,employee,0,150,25.0,0,2.8333333333333335,18
False,1.0,17.0,3.0,96.0,1,1,0,0,employee,0,8,8.0,0,0.0,0
False,4.0,289.0,440.0,10276.0,5,1,1,1,employee,3,204,40.8,1973,0.4,3
False,1.0,8.0,374.0,9716.0,2,1,0,1,employee,0,10,5.0,0,0.0,0
False,2.0,16.0,18.0,252.0,0,0,0,0,employee,0,0,0,0,0,0
False,1.0,51.0,9.0,142.0,1,1,0,0,employee,0,8,8.0,0,0.0,0
False,2.0,16.0,19.0,199.0,1,1,0,0,employee,0,8,8.0,0,0.0,0
True,5.0,245.0,65.0,846.0,7,1,0,1,employee,0,72,10.285714285714286,0,0.2857142857142857,2
False,2.0,48.0,71.0,549.0,2,1,0,1,employee,0,22,11.0,0,0.0,0
False,2.0,37.0,8.0,139.0,7,1,2,1,employee,0,89,12.714285714285714,0,0.0,0
True,9.0,390.0,30.0,548.0,8,1,2,1,employee,0,103,12.875,0,0.0,0
False,1.0,5.0,104.0,749.0,4,1,0,1,employee,0,30,7.5,0,0.0,0
False,4.0,223.0,63.0,625.0,12,1,1,1,employee,0,153,12.75,0,0.0,0
True,2.0,186.0,83.0,910.0,1,1,0,0,employee,0,8,8.0,0,0.0,0
True,8.0,450.0,26.0,521.0,16,1,3,2,employee,0,174,10.875,0,0.5,10
False,2.0,63.0,95.0,947.0,3,2,0,1,temporary,0,32,10.666666666666666,0,2.3333333333333335,7
False,2.0,93.0,15.0,236.0,2,1,0,1,employee,0,11,5.5,0,1.0,2
True,2.0,520.0,93.0,825.0,1,1,0,0,employee,0,8,8.0,0,0.0,3
True,3.0,235.0,421.0,9913.0,2,1,0,1,employee,0,17,8.5,0,0.0,0
False,5.0,139.0,47.0,529.0,2,1,1,0,employee,0,12,6.0,0,1.5,3
True,3.0,375.0,424.0,10050.0,0,0,0,0,employee,0,0,0,0,0,0
False,1.0,2.0,420.0,9955.0,1,1,0,0,employee,0,4,4.0,0,0.0,0
False,3.0,250.0,35.0,305.0,2,1,0,1,employee,0,11,5.5,0,1.0,2
False,3.0,110.0,498.0,11228.0,1,1,0,0,employee,0,8,8.0,0,0.0,0
True,2.0,51.0,497.0,11112.0,1,1,0,0,employee,0,8,8.0,0,0.0,0
False,4.0,43.0,507.0,11233.0,6,1,0,2,employee,1,138,23.0,889,0.3333333333333333,2
False,1.0,13.0,10.0,103.0,0,0,0,0,employee,0,0,0,0,0,0
False,2.0,146.0,25.0,371.0,1,1,0,0,employee,0,8,8.0,0,0.0,0
False,2.0,560.0,81.0,1116.0,1,1,0,0,employee,0,8,8.0,0,0.0,0
False,78.0,1106.0,1678.0,32493.0,2,1,0,1,employee,1,31,15.5,364,0.0,0
False,3.0,14.0,505.0,11286.0,6,1,2,2,employee,1,96,16.0,527,0.0,0
False,1.0,33.0,423.0,10070.0,1,1,0,0,employee,0,8,8.0,0,0.0,0
False,1.0,2.0,4.0,76.0,0,0,0,0,employee,0,0,0,0,0,0
False,2.0,99.0,97.0,982.0,1,1,0,0,employee,0,8,8.0,0,0.0,0
True,3.0,185.0,517.0,11675.0,2,1,0,1,temporary,0,11,5.5,0,0.0,0
True,4.0,121.0,439.0,10404.0,6,1,1,2,employee,0,53,8.833333333333334,0,0.3333333333333333,3
True,6.0,494.0,94.0,1514.0,2,0,1,1,employee,0,6,3.0,0,0.0,0
False,1.0,32.0,0.0,0.0,1,1,0,0,employee,0,8,8.0,0,0.0,1
False,2.0,6.0,0.0,0.0,2,1,0,0,employee,0,16,8.0,0,0.0,0
False,1.0,40.0,434.0,10440.0,2,1,0,1,employee,0,9,4.5,0,0.0,0
True,2.0,24.0,437.0,10535.0,1,1,0,0,employee,0,8,8.0,0,0.0,0
False,1.0,14.0,435.0,10489.0,0,0,0,0,employee,0,0,0,0,0,0
False,86.0,2098.0,1969.0,28894.0,3,1,1,1,employee,0,19,6.333333333333333,0,0.0,0
False,2.0,97.0,98.0,982.0,1,1,0,0,employee,0,8,8.0,0,0.0,0
True,28.0,1433.0,1085.0,20040.0,1,1,0,0,employee,0,8,8.0,0,0.0,0
True,4.0,199.0,76.0,1024.0,4,1,1,0,employee,0,38,9.5,0,0.0,0
True,2.0,375.0,46.0,424.0,1,1,0,0,employee,0,8,8.0,0,0.0,0
False,2.0,47.0,20.0,292.0,1,1,0,0,employee,0,4,4.0,0,0.0,0
True,3.0,273.0,395.0,9487.0,1,1,0,0,employee,0,8,8.0,0,0.0,0
True,3.0,240.0,56.0,750.0,0,0,0,0,employee,0,0,0,0,0,0
True,11.0,182.0,162.0,1963.0,0,0,0,0,employee,0,0,0,0,0,0
False,3.0,69.0,91.0,1126.0,1,0,1,0,employee,0,2,2.0,0,0.0,21
False,1.0,2.0,395.0,9487.0,1,0,1,0,employee,0,8,8.0,0,0.0,16
False,2.0,25.0,49.0,401.0,6,1,1,1,temporary,1,106,17.666666666666668,57,2.8333333333333335,3
False,1.0,3.0,43.0,308.0,0,0,0,0,employee,0,0,0,0,0,0
False,9.0,457.0,582.0,11214.0,0,0,0,0,employee,0,0,0,0,0,0
True,3.0,415.0,393.0,9443.0,0,0,0,0,employee,0,0,0,0,0,0
False,3.0,20.0,13.0,283.0,0,0,0,0,employee,0,0,0,0,0,0
False,2.0,117.0,465.0,10144.0,2,0,1,1,employee,0,8,4.0,0,0.0,0
False,4.0,129.0,204.0,1865.0,1,0,1,0,employee,0,6,6.0,0,0.0,0
True,8.0,2376.0,542.0,11115.0,7,0,1,1,employee,10,166,23.714285714285715,2180,0.0,0
True,4.0,152.0,73.0,963.0,0,0,0,0,employee,0,0,0,0,0,0
False,2.0,70.0,87.0,1165.0,0,0,0,0,employee,0,0,0,0,0,0
True,1.0,162.0,0.0,0.0,0,0,0,0,employee,0,0,0,0,0,0
False,1.0,0.0,0.0,0.0,0,0,0,0,employee,0,0,0,0,0,0
False,2.0,17.0,19.0,140.0,6,0,0,2,employee,0,158,26.333333333333332,0,0.0,0
True,7.0,702.0,49.0,1071.0,0,0,0,0,employee,0,0,0,0,0,0
False,1.0,8.0,43.0,725.0,0,0,0,0,employee,0,0,0,0,0,0
False,1.0,56.0,412.0,9428.0,0,0,0,0,employee,0,0,0,0,0,0
True,5.0,84.0,63.0,682.0,0,0,0,0,employee,0,0,0,0,0,0
True,9.0,303.0,309.0,4216.0,2,0,0,2,employee,0,24,12.0,0,0.0,0
True,2.0,87.0,6.0,89.0,3,0,1,1,employee,0,66,22.0,0,0.0,0
False,1.0,18.0,13.0,121.0,0,0,0,0,employee,0,0,0,0,0,0
False,25.0,84.0,460.0,4401.0,1,0,0,1,employee,0,6,6.0,0,0.0,0
False,1.0,24.0,23.0,210.0,3,0,0,2,employee,0,14,4.666666666666667,0,0.0,0
False,2.0,17.0,27.0,279.0,4,0,0,2,employee,0,35,8.75,0,0.0,0
False,27.0,51.0,466.0,7033.0,0,0,0,0,employee,0,0,0,0,0,0
False,18.0,364.0,365.0,4092.0,0,0,0,0,employee,0,0,0,0,0,0
True,3.0,598.0,41.0,615.0,4,0,0,2,employee,0,29,7.25,0,0.0,0
False,33.0,109.0,1396.0,20095.0,0,0,0,0,employee,0,0,0,0,0,0
False,3.0,66.0,505.0,10783.0,3,0,0,2,employee,0,39,13.0,0,0.6666666666666666,2
True,2.0,451.0,24.0,536.0,0,0,0,0,employee,0,0,0,0,0,0
False,2.0,22.0,12.0,213.0,1,0,0,1,employee,0,2,2.0,0,0.0,0
True,6.0,170.0,55.0,647.0,6,0,1,1,employee,2,226,37.666666666666664,2233,0.0,0
True,2.0,14.0,27.0,240.0,0,0,0,0,employee,0,0,0,0,0,0
False,2.0,67.0,36.0,527.0,0,0,0,0,employee,0,0,0,0,0,0
False,4.0,93.0,48.0,717.0,0,0,0,0,employee,0,0,0,0,0,0
False,1.0,2.0,31.0,323.0,2,0,0,2,employee,0,43,21.5,0,0.0,1
True,4.0,110.0,511.0,10825.0,1,0,0,1,employee,0,14,14.0,0,0.0,0
True,3.0,39.0,38.0,376.0,0,0,0,0,employee,0,0,0,0,0,2
False,2.0,16.0,428.0,9676.0,2,0,0,2,employee,0,11,5.5,0,0.0,1
True,4.0,629.0,551.0,11077.0,0,0,0,0,employee,0,0,0,0,0,0
False,2.0,122.0,402.0,9442.0,0,0,0,0,employee,0,0,0,0,0,0
False,3.0,71.0,421.0,9638.0,0,0,0,0,employee,0,0,0,0,0,0
False,2.0,101.0,468.0,10311.0,1,0,0,1,employee,0,3,3.0,0,0.0,1
False,2.0,64.0,57.0,467.0,0,0,0,0,employee,0,0,0,0,0,0
False,2.0,35.0,95.0,1026.0,1,0,0,1,temporary,0,4,4.0,0,0.0,0
False,3.0,43.0,104.0,1144.0,0,0,0,0,employee,0,0,0,0,0,0
False,1.0,30.0,17.0,172.0,0,0,0,0,employee,0,0,0,0,0,0
True,10.0,61.0,231.0,2322.0,1,0,0,1,employee,0,5,5.0,0,0.0,1
False,1.0,13.0,17.0,157.0,1,0,0,1,temporary,0,3,3.0,0,0.0,0
True,3.0,109.0,81.0,913.0,0,0,0,0,employee,0,0,0,0,0,0
False,13.0,420.0,709.0,13573.0,0,0,0,0,employee,0,0,0,0,0,0
False,2.0,30.0,105.0,1579.0,1,0,0,1,employee,0,3,3.0,0,0.0,0
False,2.0,71.0,411.0,9408.0,0,0,0,0,employee,0,0,0,0,0,0
False,2.0,38.0,87.0,940.0,0,0,0,0,employee,0,0,0,0,0,0
False,1.0,10.0,22.0,171.0,1,0,0,1,temporary,0,9,9.0,0,0.0,0
True,8.0,1448.0,88.0,1192.0,0,0,0,0,employee,0,0,0,0,0,0
False,3.0,76.0,157.0,1304.0,0,0,0,0,employee,0,0,0,0,0,0
False,2.0,47.0,36.0,510.0,1,0,0,1,employee,0,11,11.0,0,0.0,1
False,1.0,9.0,31.0,232.0,2,0,0,2,employee,0,4,2.0,0,0.0,0
False,1.0,20.0,2.0,55.0,5,0,1,2,employee,0,118,23.6,0,0.0,0
False,3.0,118.0,417.0,9703.0,9,0,1,1,employee,1,152,16.88888888888889,185,0.4444444444444444,0
False,3.0,375.0,102.0,1047.0,4,1,1,2,employee,0,88,22.0,0,0.25,0
True,5.0,145.0,142.0,1463.0,6,1,0,2,temporary,0,98,16.333333333333332,0,11.666666666666666,72
False,1.0,2.0,96.0,841.0,4,0,0,2,employee,1,74,18.5,572,0.5,3
False,1.0,12.0,4.0,148.0,2,0,1,1,employee,0,5,2.5,0,0.0,0
False,3.0,120.0,477.0,10376.0,1,0,0,1,employee,2,33,33.0,345,0.0,0
False,4.0,50.0,217.0,2087.0,2,1,0,1,employee,3,897,448.5,3963,0.0,0
False,4.0,144.0,323.0,2810.0,1,0,0,1,employee,0,4,4.0,0,0.0,2
False,4.0,144.0,323.0,2810.0,19,0,0,2,employee,5,2445,128.68421052631578,8874,0.5789473684210527,11
False,8.0,349.0,51.0,552.0,5,0,1,2,employee,1,371,74.2,1340,1.8,8
False,3.0,177.0,421.0,9328.0,2,0,0,1,employee,0,21,10.5,0,3.0,10
False,4.0,121.0,152.0,1474.0,1,0,0,1,employee,0,4,4.0,0,0.0,3
True,7.0,775.0,464.0,9831.0,18,0,3,2,employee,1,612,34.0,1191,0.2222222222222222,3
False,2.0,46.0,26.0,386.0,0,0,0,0,employee,0,0,0,0,0,0
False,2.0,34.0,26.0,490.0,1,0,0,1,employee,0,2,2.0,0,0.0,0
False,2.0,92.0,0.0,92.0,5,0,1,2,employee,0,38,7.6,0,0.0,0
True,8.0,781.0,860.0,18830.0,0,0,0,0,employee,0,0,0,0,0,2
True,2.0,280.0,64.0,281.0,10,0,2,2,employee,1,2898,289.8,9763,45.5,0
False,2.0,125.0,108.0,1126.0,0,0,0,0,employee,0,0,0,0,0,0
False,8.0,210.0,869.0,19035.0,5,0,1,1,employee,0,134,26.8,0,0.0,0
False,3.0,178.0,406.0,9211.0,0,0,0,0,employee,0,0,0,0,0,0
False,3.0,93.0,22.0,226.0,10,0,1,3,employee,0,176,17.6,0,1.4,6
False,1.0,51.0,119.0,777.0,0,0,0,0,employee,0,0,0,0,0,4
False,3.0,179.0,29.0,369.0,2,0,1,1,employee,0,29,14.5,0,2.0,4
False,5.0,1121.0,72.0,1440.0,1,0,0,1,employee,0,6,6.0,0,0.0,0
False,4.0,62.0,29.0,509.0,9,1,0,2,employee,0,227,25.22222222222222,0,0.4444444444444444,5
True,2.0,1078.0,120.0,1080.0,1,0,0,1,employee,0,10,10.0,0,0.0,0
False,4.0,327.0,211.0,2222.0,0,0,0,0,employee,0,0,0,0,0,2
True,15.0,97.0,564.0,10540.0,2,0,0,2,employee,0,14,7.0,0,0.0,2
False,2.0,7.0,140.0,897.0,0,0,0,0,employee,0,0,0,0,0,0
False,1.0,32.0,10.0,110.0,0,0,0,0,employee,0,0,0,0,0,0
False,1.0,23.0,12.0,136.0,1,0,0,1,employee,0,2,2.0,0,0.0,0
True,11.0,1199.0,122.0,1161.0,10,0,0,3,employee,0,127,12.7,0,4.2,53
False,2.0,72.0,28.0,536.0,1,0,0,1,employee,0,6,6.0,0,0.0,1
True,2.0,97.0,406.0,9148.0,0,0,0,0,employee,0,0,0,0,0,0
True,2.0,137.0,218.0,1944.0,5,0,0,2,employee,0,137,27.4,0,0.2,1
False,1.0,6.0,23.0,233.0,0,0,0,0,employee,0,0,0,0,0,1
False,2.0,22.0,22.0,400.0,4,0,0,3,employee,2,92,23.0,530,0.5,2
False,2.0,49.0,137.0,1759.0,1,0,0,1,employee,0,6,6.0,0,0.0,1
False,6.0,179.0,148.0,1880.0,6,0,0,3,employee,0,100,16.666666666666668,0,0.6666666666666666,5
False,1.0,118.0,38.0,411.0,2,0,0,2,employee,1,25,12.5,612,0.0,0
False,1.0,2.0,7.0,82.0,3,0,1,1,employee,0,21,7.0,0,1.6666666666666667,5
False,1.0,7.0,38.0,408.0,0,0,0,0,employee,0,0,0,0,0,0
True,8.0,326.0,425.0,9377.0,1,0,0,1,temporary,0,14,14.0,0,0.0,45
False,2.0,22.0,22.0,410.0,2,1,0,1,employee,0,13,6.5,0,0.0,1
False,2.0,32.0,86.0,914.0,0,0,0,0,employee,0,0,0,0,0,0
False,2.0,20.0,14.0,243.0,8,0,0,2,employee,2,222,27.75,792,3.375,28
False,2.0,31.0,40.0,425.0,2,0,1,1,employee,0,8,4.0,0,12.5,25
False,6.0,144.0,143.0,1570.0,0,0,0,0,employee,0,0,0,0,0,13
True,18.0,237.0,630.0,10952.0,5,0,1,2,employee,1,132,26.4,805,2.8,14
False,6.0,28.0,69.0,668.0,4,0,1,1,employee,1,81,20.25,94,0.0,8
True,4.0,721.0,36.0,828.0,12,0,1,3,employee,0,191,15.916666666666666,0,0.3333333333333333,6
False,4.0,224.0,62.0,553.0,1,0,0,1,employee,0,14,14.0,0,0.0,9
False,2.0,0.0,0.0,0.0,0,0,0,0,employee,0,0,0,0,0,0
True,17.0,1081.0,595.0,6584.0,1,0,0,1,employee,0,9,9.0,0,0.0,7
False,8.0,173.0,66.0,766.0,7,0,1,2,employee,0,110,15.714285714285714,0,0.14285714285714285,2
False,1.0,2.0,98.0,1199.0,0,0,0,0,employee,0,0,0,0,0,0
True,1.0,4.0,26.0,157.0,0,0,0,0,employee,0,0,0,0,0,0
False,2.0,73.0,82.0,657.0,0,0,0,0,employee,0,0,0,0,0,0
False,2.0,69.0,43.0,567.0,1,0,0,1,employee,0,7,7.0,0,0.0,0
False,1.0,4.0,24.0,536.0,0,0,0,0,employee,0,0,0,0,0,0
False,2.0,100.0,223.0,1998.0,1,0,0,1,employee,0,5,5.0,0,0.0,5
True,10.0,470.0,425.0,9449.0,3,0,0,2,employee,2,96,32.0,792,3.3333333333333335,11
True,3.0,457.0,85.0,647.0,7,0,0,2,employee,0,116,16.571428571428573,0,0.2857142857142857,2
False,2.0,43.0,227.0,2039.0,3,0,1,1,employee,0,13,4.333333333333333,0,0.0,0
False,13.0,22.0,356.0,3172.0,1,0,0,1,employee,0,3,3.0,0,0.0,0
False,2.0,40.0,43.0,607.0,3,0,1,1,employee,0,11,3.6666666666666665,0,0.0,0
False,2.0,70.0,47.0,669.0,2,0,0,2,employee,0,9,4.5,0,0.0,0
True,3.0,164.0,75.0,629.0,0,0,0,0,employee,0,0,0,0,0,3
False,6.0,156.0,210.0,1617.0,2,0,0,2,employee,1,832,416.0,2246,0.0,0
False,6.0,149.0,177.0,1392.0,7,0,1,1,employee,0,122,17.428571428571427,0,0.0,1
True,7.0,299.0,96.0,1055.0,0,0,0,0,employee,0,0,0,0,0,2
True,1.0,49.0,77.0,848.0,0,0,0,0,employee,0,0,0,0,0,0
True,3.0,186.0,59.0,735.0,2,0,1,1,employee,0,80,40.0,0,0.0,0
False,2.0,18.0,91.0,1177.0,0,0,0,0,employee,0,0,0,0,0,2
False,3.0,179.0,37.0,764.0,9,0,1,2,employee,0,187,20.77777777777778,0,0.4444444444444444,5
False,3.0,8.0,198.0,1864.0,0,0,0,0,employee,0,0,0,0,0,0
False,2.0,54.0,172.0,1862.0,1,0,0,1,employee,0,4,4.0,0,0.0,0
False,2.0,6.0,24.0,844.0,1,0,0,1,employee,0,3,3.0,0,0.0,0
False,2.0,6.0,24.0,842.0,0,0,0,0,employee,0,0,0,0,0,0
False,3.0,25.0,12.0,131.0,0,0,0,0,employee,0,0,0,0,0,9
True,11.0,821.0,103.0,848.0,0,0,0,0,employee,0,0,0,0,0,0
True,12.0,409.0,826.0,18463.0,1,1,0,0,employee,0,5,5.0,0,0.0,0
False,2.0,26.0,54.0,517.0,0,0,0,0,employee,0,0,0,0,0,0
False,2.0,30.0,106.0,1605.0,0,0,0,0,employee,0,0,0,0,0,0
False,1.0,4.0,26.0,190.0,0,0,0,0,employee,0,0,0,0,0,0
False,3.0,58.0,111.0,1651.0,0,0,0,0,employee,0,0,0,0,0,0
False,1.0,4.0,23.0,265.0,0,0,0,0,employee,0,0,0,0,0,0
False,24.0,265.0,746.0,5371.0,4,0,0,2,employee,0,40,10.0,0,0.0,7
False,1.0,8.0,10.0,168.0,1,0,0,1,employee,0,8,8.0,0,0.0,1
True,2.0,30.0,477.0,10248.0,0,0,0,0,employee,0,0,0,0,0,0
False,2.0,218.0,426.0,9625.0,2,0,0,2,employee,0,44,22.0,0,188.5,5
False,2.0,12.0,480.0,10265.0,0,0,0,0,employee,0,0,0,0,0,0
True,7.0,182.0,45.0,530.0,5,0,1,1,employee,0,74,14.8,0,7.2,38
False,3.0,19.0,4.0,153.0,1,0,0,1,employee,0,8,8.0,0,0.0,0
False,1.0,2.0,13.0,87.0,1,0,0,1,temporary,0,3,3.0,0,0.0,0
True,3.0,84.0,42.0,537.0,0,0,0,0,employee,0,0,0,0,0,0
True,4.0,139.0,222.0,1687.0,0,0,0,0,employee,0,0,0,0,0,2
True,3.0,366.0,452.0,9828.0,3,0,1,1,employee,0,38,12.666666666666666,0,0.0,1
True,5.0,438.0,428.0,9740.0,2,0,0,2,employee,0,6,3.0,0,0.5,1
False,2.0,163.0,50.0,301.0,1,0,0,1,employee,0,3,3.0,0,0.0,0
True,4.0,97.0,39.0,408.0,4,0,1,2,employee,1,83,20.75,144,0.0,1
False,2.0,37.0,92.0,1212.0,1,0,0,1,employee,0,2,2.0,0,0.0,0
True,2.0,54.0,12.0,229.0,1,0,0,1,employee,0,2,2.0,0,0.0,0
False,2.0,32.0,37.0,336.0,1,0,0,1,employee,0,2,2.0,0,0.0,0
True,3.0,124.0,463.0,10037.0,4,1,0,1,temporary,0,20,5.0,0,0.75,6
False,2.0,4.0,8.0,255.0,3,1,0,2,temporary,0,17,5.666666666666667,0,1.3333333333333333,4
False,5.0,118.0,20.0,286.0,2,0,1,1,employee,0,16,8.0,0,0.5,1
False,2.0,45.0,77.0,646.0,1,0,0,1,employee,0,13,13.0,0,0.0,2
True,7.0,297.0,213.0,2458.0,0,0,0,0,employee,0,0,0,0,0,1
True,21.0,52.0,46.0,1130.0,8,1,2,2,employee,0,216,27.0,0,0.0,11
False,2.0,156.0,16.0,388.0,1,0,0,1,employee,0,4,4.0,0,0.0,0
True,3.0,1153.0,129.0,1307.0,16,0,1,2,employee,1,313,19.5625,564,2.5,50
False,1.0,2.0,48.0,642.0,0,0,0,0,employee,0,0,0,0,0,0
False,2.0,4.0,55.0,432.0,0,0,0,0,employee,0,0,0,0,0,0
True,3.0,104.0,457.0,9798.0,8,0,1,2,employee,0,91,11.375,0,5.625,48
False,1.0,2.0,411.0,9310.0,4,1,0,1,temporary,0,27,6.75,0,0.25,3
False,1.0,2.0,48.0,642.0,0,0,0,0,employee,0,0,0,0,0,0
False,4.0,303.0,176.0,2296.0,0,0,0,0,employee,0,0,0,0,0,0
False,1.0,2.0,411.0,9310.0,1,0,0,1,employee,0,3,3.0,0,0.0,0
False,2.0,29.0,55.0,544.0,0,0,0,0,employee,0,0,0,0,0,1
True,2.0,24.0,31.0,493.0,4,0,0,2,employee,0,16,4.0,0,0.25,1
True,3.0,106.0,76.0,785.0,2,0,0,2,employee,0,11,5.5,0,0.0,0
False,3.0,75.0,131.0,1253.0,2,0,1,1,employee,0,13,6.5,0,0.5,4
True,2.0,82.0,9.0,163.0,2,0,1,1,employee,0,8,4.0,0,0.0,0
True,2.0,271.0,37.0,590.0,3,0,1,1,employee,0,18,6.0,0,0.0,0
False,1.0,8.0,67.0,1317.0,1,0,0,1,employee,0,2,2.0,0,0.0,0
False,13.0,88.0,287.0,5052.0,1,0,0,1,employee,0,4,4.0,0,0.0,1
False,4.0,26.0,118.0,1183.0,1,0,0,1,employee,0,2,2.0,0,0.0,0
False,2.0,8.0,0.0,48.0,1,0,0,1,employee,0,2,2.0,0,0.0,0
False,3.0,14.0,55.0,410.0,1,0,0,1,employee,0,2,2.0,0,0.0,0
False,1.0,76.0,88.0,898.0,0,0,0,0,employee,0,0,0,0,0,0
False,1.0,7.0,33.0,232.0,0,0,0,0,employee,0,0,0,0,0,0
False,1.0,26.0,413.0,9318.0,7,0,1,2,employee,0,116,16.571428571428573,0,0.5714285714285714,6
False,1.0,3.0,16.0,174.0,3,0,1,2,employee,0,9,3.0,0,4.333333333333333,0
True,7.0,654.0,298.0,2509.0,2,0,0,1,employee,0,34,17.0,0,0.0,12
False,1.0,5.0,17.0,111.0,2,0,1,1,employee,0,11,5.5,0,0.0,0
False,2.0,68.0,92.0,1002.0,0,0,0,0,employee,0,0,0,0,0,0
False,1.0,7.0,21.0,118.0,1,0,0,1,employee,0,2,2.0,0,0.0,0
True,2.0,40.0,63.0,609.0,8,1,1,2,temporary,1,144,18.0,1131,0.0,0
True,1.0,31.0,22.0,253.0,1,0,0,1,employee,0,4,4.0,0,0.0,0
True,2.0,36.0,33.0,346.0,3,0,1,1,employee,0,9,3.0,0,0.0,0
True,6.0,467.0,463.0,10022.0,2,0,1,1,employee,0,9,4.5,0,3.5,7
False,1.0,54.0,7.0,166.0,1,0,0,1,employee,0,4,4.0,0,0.0,0
False,2.0,32.0,41.0,455.0,1,0,0,1,employee,0,2,2.0,0,0.0,0
True,5.0,96.0,470.0,9828.0,4,0,1,1,employee,0,25,6.25,0,0.0,0
True,2.0,298.0,35.0,388.0,6,1,0,2,employee,0,263,43.833333333333336,0,24.333333333333332,20
False,1.0,40.0,15.0,158.0,1,0,1,0,employee,0,9,9.0,0,0.0,0
True,1.0,159.0,20.0,160.0,3,0,0,2,employee,0,43,14.333333333333334,0,0.0,0
False,2.0,38.0,42.0,299.0,1,0,0,1,employee,1,916,916.0,1513,0.0,6
True,4.0,347.0,456.0,9686.0,4,0,1,2,employee,1,251,62.75,827,1.0,0
True,4.0,193.0,438.0,9663.0,3,0,1,1,employee,0,55,18.333333333333332,0,0.3333333333333333,1
True,3.0,69.0,87.0,1039.0,3,0,1,1,employee,0,49,16.333333333333332,0,0.0,0
True,3.0,393.0,464.0,9791.0,1,0,0,1,employee,0,6,6.0,0,0.0,14
True,12.0,2251.0,949.0,14463.0,45,0,2,2,employee,6,4865,108.11111111111111,10937,1.4,74
False,4.0,172.0,42.0,349.0,37,0,1,2,employee,10,3815,103.10810810810811,17997,0.16216216216216217,12
False,1.0,16.0,89.0,761.0,0,0,0,0,employee,0,0,0,0,0,0
False,4.0,161.0,26.0,363.0,3,0,1,1,employee,0,17,5.666666666666667,0,0.0,0
False,1.0,8.0,46.0,321.0,1,0,0,1,employee,0,2,2.0,0,0.0,0
False,1.0,3.0,89.0,762.0,0,0,0,0,employee,0,0,0,0,0,0
False,1.0,14.0,14.0,181.0,1,0,0,1,employee,0,2,2.0,0,0.0,0
False,1.0,202.0,54.0,422.0,0,0,0,0,employee,0,0,0,0,0,5
False,2.0,63.0,151.0,1936.0,1,0,0,1,employee,0,2,2.0,0,0.0,0
False,2.0,31.0,94.0,1031.0,5,0,1,1,employee,0,30,6.0,0,0.0,0
False,2.0,44.0,84.0,1068.0,3,0,1,1,employee,1,12,4.0,84,0.0,0
False,3.0,93.0,129.0,1251.0,16,0,1,1,employee,1,281,17.5625,395,0.4375,8
True,2.0,172.0,73.0,739.0,18,0,1,2,employee,1,363,20.166666666666668,656,0.2777777777777778,7
True,25.0,2247.0,287.0,2469.0,6,0,0,2,employee,0,91,15.166666666666666,0,0.0,0
False,1.0,52.0,54.0,463.0,1,0,0,1,employee,0,4,4.0,0,0.0,0
True,7.0,1113.0,511.0,10375.0,5,0,1,1,employee,0,80,16.0,0,1.2,28
False,1.0,20.0,419.0,9441.0,0,0,0,0,employee,0,0,0,0,0,28
True,5.0,273.0,567.0,10711.0,0,0,0,0,employee,0,0,0,0,0,28
False,10.0,112.0,679.0,14199.0,6,0,1,1,employee,0,61,10.166666666666666,0,4.333333333333333,27
False,2.0,35.0,81.0,741.0,3,0,0,2,employee,0,18,6.0,0,16.333333333333332,22
False,11.0,183.0,195.0,2093.0,2,1,1,0,employee,0,41,20.5,0,0.0,22
False,1.0,63.0,40.0,414.0,1,0,0,1,employee,0,2,2.0,0,0.0,0
False,2.0,77.0,15.0,263.0,3,0,1,1,employee,0,12,4.0,0,0.0,0
False,2.0,57.0,12.0,261.0,6,0,1,2,employee,1,66,11.0,126,2.0,0
True,2.0,79.0,22.0,364.0,0,0,0,0,employee,0,0,0,0,0,0
False,2.0,51.0,40.0,547.0,2,0,1,1,employee,0,8,4.0,0,0.0,0
False,1.0,96.0,20.0,192.0,0,0,0,0,employee,0,0,0,0,0,10
False,2.0,29.0,19.0,255.0,1,0,0,1,employee,0,2,2.0,0,0.0,0
False,2.0,77.0,37.0,369.0,1,0,0,1,employee,0,3,3.0,0,0.0,0
False,2.0,29.0,23.0,380.0,0,0,0,0,employee,0,0,0,0,0,0
False,2.0,125.0,108.0,1010.0,3,0,1,1,employee,0,34,11.333333333333334,0,5.333333333333333,17
True,2.0,154.0,34.0,337.0,5,0,1,1,employee,0,28,5.6,0,0.0,0
False,3.0,320.0,161.0,1641.0,9,1,1,1,employee,4,930,103.33333333333333,21756,1.5555555555555556,16
False,2.0,9.0,61.0,595.0,1,0,0,1,employee,0,3,3.0,0,0.0,0
False,3.0,50.0,216.0,1645.0,1,0,0,1,employee,0,3,3.0,0,0.0,0
False,2.0,38.0,19.0,222.0,1,0,0,1,employee,0,4,4.0,0,0.0,0
True,2.0,137.0,38.0,449.0,6,0,1,2,employee,0,38,6.333333333333333,0,0.0,1
True,5.0,2496.0,134.0,2580.0,23,0,2,2,employee,6,1143,49.69565217391305,4824,0.0,0
False,2.0,44.0,64.0,643.0,1,0,0,1,employee,0,2,2.0,0,0.0,6
False,4.0,803.0,84.0,1868.0,0,0,0,0,employee,0,0,0,0,0,0
True,4.0,297.0,437.0,9870.0,1,0,0,1,employee,0,19,19.0,0,0.0,27
False,2.0,49.0,46.0,927.0,0,0,0,0,employee,0,0,0,0,0,3
False,4.0,126.0,96.0,1500.0,2,1,0,1,employee,0,23,11.5,0,2.5,0
False,1.0,5.0,4.0,104.0,2,0,0,2,employee,0,9,4.5,0,0.0,0
False,2.0,60.0,426.0,9586.0,1,0,0,1,employee,0,2,2.0,0,0.0,3
False,1.0,18.0,421.0,9503.0,1,0,0,1,employee,0,2,2.0,0,0.0,0
True,6.0,713.0,577.0,11068.0,1,0,0,1,employee,0,3,3.0,0,0.0,22
True,3.0,100.0,427.0,9626.0,3,0,1,1,employee,1,42,14.0,275,0.0,0
False,1.0,34.0,60.0,502.0,1,0,0,1,employee,0,2,2.0,0,0.0,0
True,1.0,59.0,13.0,118.0,0,0,0,0,employee,0,0,0,0,0,21
True,4.0,1577.0,581.0,11519.0,1,0,0,1,employee,0,5,5.0,0,0.0,21
False,2.0,30.0,50.0,448.0,0,0,0,0,employee,0,0,0,0,0,20
True,3.0,186.0,434.0,9696.0,8,0,1,2,employee,0,52,6.5,0,0.0,0
False,1.0,3.0,86.0,817.0,0,0,0,0,employee,0,0,0,0,0,0
False,2.0,28.0,12.0,184.0,1,0,1,0,employee,1,15,15.0,349,0.0,14
False,1.0,36.0,20.0,216.0,0,0,0,0,employee,0,0,0,0,0,13
True,7.0,137.0,43.0,649.0,4,0,1,1,employee,0,86,21.5,0,0.0,8
False,1.0,3.0,423.0,9535.0,0,0,0,0,employee,0,0,0,0,0,4
True,3.0,10.0,847.0,19431.0,4,0,1,1,employee,0,46,11.5,0,0.25,8
False,3.0,170.0,116.0,1177.0,1,0,0,1,employee,0,2,2.0,0,0.0,28
False,2.0,34.0,484.0,10736.0,1,0,0,1,employee,0,2,2.0,0,0.0,8
True,12.0,2696.0,474.0,10698.0,5,0,2,2,employee,0,109,21.8,0,0.2,4
True,3.0,284.0,111.0,1430.0,10,1,0,1,temporary,4,163,16.3,625,1.6,22
False,2.0,10.0,86.0,948.0,1,0,0,1,employee,0,2,2.0,0,0.0,6
False,1.0,4.0,16.0,208.0,1,0,0,1,employee,0,2,2.0,0,0.0,6
False,1.0,6.0,4.0,58.0,0,0,0,0,employee,0,0,0,0,0,0
False,3.0,76.0,116.0,2258.0,0,0,0,0,employee,0,0,0,0,0,0
False,2.0,30.0,185.0,1493.0,2,0,0,2,employee,0,87,43.5,0,0.0,0
False,2.0,75.0,41.0,558.0,1,0,0,1,employee,0,5,5.0,0,0.0,0
True,2.0,247.0,41.0,435.0,7,0,1,1,employee,0,151,21.571428571428573,0,1.7142857142857142,13
True,2.0,35.0,33.0,185.0,2,0,0,1,employee,0,11,5.5,0,9.5,19
True,1.0,84.0,0.0,0.0,1,0,0,1,employee,0,2,2.0,0,0.0,0
True,8.0,490.0,201.0,1576.0,0,0,0,0,employee,0,0,0,0,0,0
True,2.0,558.0,38.0,560.0,0,0,0,0,employee,0,0,0,0,0,0
True,10.0,1644.0,402.0,3778.0,0,0,0,0,employee,0,0,0,0,0,19
True,8.0,1172.0,523.0,10507.0,0,0,0,0,employee,0,0,0,0,0,0
True,4.0,1881.0,615.0,11901.0,1,0,0,1,employee,0,9,9.0,0,0.0,0
True,4.0,319.0,147.0,1570.0,5,0,1,1,employee,2,194,38.8,883,51.6,0
True,3.0,215.0,47.0,445.0,3,0,1,1,employee,0,41,13.666666666666666,0,0.3333333333333333,2
False,1.0,4.0,35.0,433.0,2,0,0,1,employee,0,29,14.5,0,6.5,13
False,3.0,159.0,444.0,10124.0,0,0,0,0,employee,0,0,0,0,0,2
True,2.0,190.0,36.0,226.0,5,1,1,1,employee,1,307,61.4,941,0.0,4
False,3.0,148.0,52.0,530.0,2,0,0,1,employee,0,32,16.0,0,0.5,3
False,3.0,169.0,36.0,537.0,0,0,0,0,employee,0,0,0,0,0,0
False,1.0,2.0,35.0,433.0,5,0,1,1,employee,0,43,8.6,0,0.4,2
False,1.0,4.0,9.0,84.0,1,0,0,1,employee,0,2,2.0,0,0.0,1
False,1.0,2.0,26.0,182.0,1,0,0,1,employee,0,2,2.0,0,0.0,2
False,2.0,6.0,116.0,2001.0,4,0,1,2,employee,0,61,15.25,0,0.25,1
True,3.0,127.0,19.0,142.0,0,0,0,0,employee,0,0,0,0,0,3
True,8.0,1054.0,151.0,1060.0,0,0,0,0,employee,0,0,0,0,0,0
True,10.0,2025.0,318.0,2110.0,0,0,0,0,employee,0,0,0,0,0,0
True,10.0,801.0,197.0,1405.0,0,0,0,0,employee,0,0,0,0,0,0
True,13.0,892.0,168.0,1273.0,0,0,0,0,employee,0,0,0,0,0,0
True,14.0,1066.0,171.0,1177.0,0,0,0,0,employee,0,0,0,0,0,0
True,7.0,489.0,234.0,1520.0,0,0,0,0,employee,0,0,0,0,0,0
True,3.0,795.0,212.0,1007.0,0,0,0,0,employee,0,0,0,0,0,0
True,518.0,110809.0,1481.0,9896.0,0,0,0,0,employee,0,0,0,0,0,0
True,2.0,182.0,11.0,184.0,0,0,0,0,employee,0,0,0,0,0,0
True,16.0,719.0,299.0,1863.0,0,0,0,0,employee,0,0,0,0,0,0
True,6.0,498.0,71.0,602.0,0,0,0,0,employee,0,0,0,0,0,0
False,2.0,51.0,92.0,529.0,0,0,0,0,employee,0,0,0,0,0,0
True,3.0,196.0,100.0,578.0,0,0,0,0,employee,0,0,0,0,0,0
True,10.0,2847.0,484.0,3338.0,0,0,0,0,employee,0,0,0,0,0,0
True,6.0,578.0,200.0,1134.0,0,0,0,0,employee,0,0,0,0,0,0
True,12.0,1087.0,243.0,1855.0,0,0,0,0,employee,0,0,0,0,0,0
True,4.0,491.0,186.0,1074.0,0,0,0,0,employee,0,0,0,0,0,0
True,3.0,435.0,195.0,1044.0,0,0,0,0,employee,0,0,0,0,0,0
True,4.0,297.0,194.0,1065.0,0,0,0,0,employee,0,0,0,0,0,0
True,2.0,622.0,96.0,624.0,0,0,0,0,employee,0,0,0,0,0,0
True,5.0,366.0,236.0,1323.0,0,0,0,0,employee,0,0,0,0,0,0
True,4.0,470.0,241.0,1282.0,2,0,0,2,employee,0,25,12.5,0,0.0,0
True,4.0,556.0,269.0,1423.0,0,0,0,0,employee,0,0,0,0,0,0
True,3.0,437.0,253.0,1333.0,0,0,0,0,employee,0,0,0,0,0,0
True,9.0,684.0,289.0,1618.0,0,0,0,0,employee,0,0,0,0,0,0
False,2.0,77.0,253.0,1269.0,0,0,0,0,employee,0,0,0,0,0,0
True,4.0,382.0,252.0,1371.0,0,0,0,0,employee,0,0,0,0,0,0
True,4.0,300.0,343.0,1784.0,0,0,0,0,employee,0,0,0,0,0,0
True,6.0,381.0,453.0,2692.0,0,0,0,0,employee,0,0,0,0,0,0
True,2.0,184.0,270.0,1382.0,0,0,0,0,employee,0,0,0,0,0,0
True,2.0,576.0,280.0,1460.0,0,0,0,0,employee,0,0,0,0,0,0
False,1.0,2.0,267.0,1357.0,0,0,0,0,employee,0,0,0,0,0,0
True,3.0,139.0,54.0,322.0,0,0,0,0,employee,0,0,0,0,0,0
True,3.0,366.0,323.0,1725.0,0,0,0,0,employee,0,0,0,0,0,0
True,2.0,85.0,281.0,1458.0,0,0,0,0,employee,0,0,0,0,0,0
True,3.0,573.0,92.0,575.0,0,0,0,0,employee,0,0,0,0,0,0
False,3.0,59.0,387.0,2109.0,0,0,0,0,employee,0,0,0,0,0,0
True,8.0,483.0,458.0,2533.0,0,0,0,0,employee,0,0,0,0,0,0
True,2.0,281.0,371.0,1849.0,0,0,0,0,employee,0,0,0,0,0,0
True,4.0,304.0,397.0,2085.0,0,0,0,0,employee,0,0,0,0,0,0
True,5.0,281.0,369.0,1989.0,0,0,0,0,employee,0,0,0,0,0,0
True,3.0,109.0,342.0,1776.0,0,0,0,0,employee,0,0,0,0,0,0
True,2.0,299.0,377.0,1940.0,0,0,0,0,employee,0,0,0,0,0,0
True,2.0,565.0,409.0,2164.0,0,0,0,0,employee,0,0,0,0,0,0
True,20.0,261.0,936.0,5815.0,0,0,0,0,employee,0,0,0,0,0,0
True,6.0,291.0,410.0,2257.0,0,0,0,0,employee,0,0,0,0,0,0
True,2.0,175.0,365.0,1941.0,0,0,0,0,employee,0,0,0,0,0,0
True,8.0,1029.0,494.0,2848.0,0,0,0,0,employee,0,0,0,0,0,0
True,3.0,204.0,380.0,2142.0,0,0,0,0,employee,0,0,0,0,0,0
True,1.0,310.0,59.0,311.0,0,0,0,0,employee,0,0,0,0,0,0
True,3.0,990.0,487.0,2811.0,0,0,0,0,employee,0,0,0,0,0,0
True,9.0,1187.0,633.0,3780.0,0,0,0,0,employee,0,0,0,0,0,0
True,3.0,271.0,469.0,2485.0,0,0,0,0,employee,0,0,0,0,0,0
True,5.0,984.0,704.0,4054.0,0,0,0,0,employee,0,0,0,0,0,0
True,3.0,366.0,443.0,2346.0,0,0,0,0,employee,0,0,0,0,0,0
True,5.0,469.0,600.0,3297.0,0,0,0,0,employee,0,0,0,0,0,0
True,4.0,440.0,497.0,2743.0,0,0,0,0,employee,0,0,0,0,0,0
True,8.0,3726.0,789.0,4738.0,0,0,0,0,employee,0,0,0,0,0,0
True,1.0,834.0,149.0,835.0,2,0,1,1,employee,0,39,19.5,0,0.0,0
True,1.0,246.0,44.0,260.0,0,0,0,0,employee,0,0,0,0,0,0
True,3.0,479.0,514.0,2720.0,0,0,0,0,employee,0,0,0,0,0,0
True,2.0,396.0,268.0,1469.0,0,0,0,0,employee,0,0,0,0,0,0
True,4.0,1124.0,611.0,3322.0,0,0,0,0,employee,0,0,0,0,0,0
False,4.0,30.0,382.0,2183.0,0,0,0,0,employee,0,0,0,0,0,0
True,1.0,200.0,24.0,201.0,0,0,0,0,employee,0,0,0,0,0,0
False,1.0,199.0,58.0,317.0,0,0,0,0,employee,0,0,0,0,0,0
True,2.0,224.0,462.0,2448.0,0,0,0,0,employee,0,0,0,0,0,0
True,9.0,494.0,103.0,797.0,0,0,0,0,employee,0,0,0,0,0,0
False,2.0,124.0,97.0,616.0,0,0,0,0,employee,0,0,0,0,0,0
True,13.0,974.0,496.0,3279.0,0,0,0,0,employee,0,0,0,0,0,0
True,806.0,142807.0,22503.0,128941.0,1,0,0,1,employee,0,4,4.0,0,0.0,0
False,4.0,48.0,180.0,1451.0,0,0,0,0,employee,0,0,0,0,0,0
True,811.0,143114.0,23008.0,131853.0,1,0,0,1,employee,0,8,8.0,0,0.0,0
True,4.0,292.0,504.0,2903.0,0,0,0,0,employee,0,0,0,0,0,0
True,2.0,245.0,448.0,2499.0,0,0,0,0,employee,0,0,0,0,0,0
True,2.0,172.0,8.0,172.0,0,0,0,0,employee,0,0,0,0,0,0
True,4.0,208.0,19.0,249.0,0,0,0,0,employee,0,0,0,0,0,0
True,7.0,282.0,256.0,1617.0,0,0,0,0,employee,0,0,0,0,0,0
False,16.0,1211.0,1096.0,7027.0,0,0,0,0,employee,0,0,0,0,0,0
True,7.0,305.0,521.0,3561.0,0,0,0,0,employee,0,0,0,0,0,0
True,1.0,514.0,20.0,514.0,0,0,0,0,employee,0,0,0,0,0,0
True,5.0,333.0,488.0,2820.0,0,0,0,0,employee,0,0,0,0,0,0
True,7.0,714.0,110.0,1044.0,0,0,0,0,employee,0,0,0,0,0,0
True,7.0,716.0,143.0,1423.0,0,0,0,0,employee,0,0,0,0,0,0
True,7.0,912.0,322.0,2539.0,0,0,0,0,employee,0,0,0,0,0,0
True,5.0,608.0,529.0,3196.0,0,0,0,0,employee,0,0,0,0,0,0
True,6.0,821.0,748.0,4643.0,0,0,0,0,employee,0,0,0,0,0,0
True,5.0,581.0,122.0,1128.0,0,0,0,0,employee,0,0,0,0,0,0
True,7.0,590.0,594.0,4068.0,0,0,0,0,employee,0,0,0,0,0,0
True,8.0,1077.0,803.0,5499.0,0,0,0,0,employee,0,0,0,0,0,0
True,13.0,804.0,647.0,4843.0,0,0,0,0,employee,0,0,0,0,0,0
True,9.0,1188.0,174.0,1304.0,2,0,0,2,employee,0,7,3.5,0,0.0,0
True,4.0,888.0,122.0,1243.0,0,0,0,0,employee,0,0,0,0,0,0
True,4.0,480.0,93.0,869.0,0,0,0,0,employee,0,0,0,0,0,0
True,2.0,904.0,46.0,904.0,0,0,0,0,employee,0,0,0,0,0,0
True,6.0,511.0,523.0,3126.0,0,0,0,0,employee,0,0,0,0,0,0
True,3.0,277.0,13.0,277.0,0,0,0,0,employee,0,0,0,0,0,0
True,6.0,541.0,502.0,3045.0,0,0,0,0,employee,0,0,0,0,0,0
True,19.0,3164.0,941.0,8542.0,0,0,0,0,employee,0,0,0,0,0,0
True,5.0,1581.0,602.0,4362.0,0,0,0,0,employee,0,0,0,0,0,0
True,3.0,417.0,24.0,417.0,0,0,0,0,employee,0,0,0,0,0,0
True,6.0,832.0,230.0,1971.0,0,0,0,0,employee,0,0,0,0,0,0
True,7.0,477.0,560.0,3407.0,0,0,0,0,employee,0,0,0,0,0,0
True,7.0,1100.0,126.0,1411.0,0,0,0,0,employee,0,0,0,0,0,0
True,15.0,837.0,926.0,6764.0,0,0,0,0,employee,0,0,0,0,0,0
False,6.0,1181.0,277.0,3149.0,0,0,0,0,employee,0,0,0,0,0,0
True,8.0,1465.0,648.0,4302.0,0,0,0,0,employee,0,0,0,0,0,0
True,5.0,798.0,103.0,1201.0,0,0,0,0,employee,0,0,0,0,0,0
True,3.0,806.0,87.0,981.0,0,0,0,0,employee,0,0,0,0,0,0
True,13.0,939.0,641.0,5178.0,0,0,0,0,employee,0,0,0,0,0,0
True,4.0,1299.0,161.0,1521.0,0,0,0,0,employee,0,0,0,0,0,0
True,12.0,1918.0,748.0,6092.0,0,0,0,0,employee,0,0,0,0,0,0
True,7.0,1185.0,167.0,1804.0,0,0,0,0,employee,0,0,0,0,0,0
True,11.0,949.0,535.0,3726.0,0,0,0,0,employee,0,0,0,0,0,0
True,16.0,1238.0,907.0,6877.0,0,0,0,0,employee,0,0,0,0,0,0
True,11.0,1375.0,882.0,5853.0,0,0,0,0,employee,0,0,0,0,0,0
True,2.0,1414.0,80.0,1414.0,0,0,0,0,employee,0,0,0,0,0,0
True,15.0,2247.0,255.0,3628.0,0,0,0,0,employee,0,0,0,0,0,0
True,14.0,3766.0,752.0,7945.0,0,0,0,0,employee,0,0,0,0,0,0
True,19.0,3707.0,561.0,4950.0,0,0,0,0,employee,0,0,0,0,0,0
True,15.0,2128.0,603.0,4650.0,0,0,0,0,employee,0,0,0,0,0,0
False,18.0,451.0,835.0,5291.0,0,0,0,0,employee,0,0,0,0,0,0
True,4.0,302.0,24.0,302.0,0,0,0,0,employee,0,0,0,0,0,0
True,5.0,128.0,28.0,430.0,0,0,0,0,employee,0,0,0,0,0,0
False,3.0,56.0,37.0,320.0,0,0,0,0,employee,0,0,0,0,0,0
True,6.0,2054.0,686.0,5101.0,0,0,0,0,employee,0,0,0,0,0,4
True,249.0,58666.0,6000.0,59370.0,2,0,0,2,employee,0,26,13.0,0,0.0,1
True,1.0,99.0,9.0,99.0,1,0,0,1,employee,0,2,2.0,0,0.0,8
False,3.0,37.0,73.0,912.0,1,0,0,1,employee,0,8,8.0,0,0.0,3
False,2.0,32.0,146.0,801.0,1,0,1,0,employee,0,2,2.0,0,0.0,110
False,1.0,2.0,50.0,352.0,1,1,0,0,employee,0,2,2.0,0,0.0,2
False,2.0,68.0,111.0,759.0,3,0,0,3,employee,0,11,3.6666666666666665,0,28.666666666666668,87
True,649.0,40375.0,16529.0,163741.0,6,0,1,4,employee,0,41,6.833333333333333,0,0.0,0
False,1.0,15.0,14.0,137.0,4,0,2,2,employee,0,9,2.25,0,0.0,1
True,1030.0,269339.0,15391.0,154290.0,2,0,0,2,employee,0,12,6.0,0,2.0,4
True,2569.0,445043.0,77997.0,647350.0,2,0,0,1,temporary,0,9,4.5,0,0.0,0
True,4.0,267.0,45.0,409.0,2,1,0,1,employee,1,128,64.0,479,0.0,0
True,57.0,3253.0,1231.0,12262.0,2,1,0,1,employee,1,130,65.0,479,0.0,0
True,7220.0,575512.0,239057.0,2490475.0,0,0,0,0,employee,0,0,0,0,0,0
True,8224.0,624709.0,262312.0,2781767.0,2,1,0,1,temporary,0,19,9.5,0,0.0,0
True,3.0,307.0,197.0,4269.0,1,1,0,0,employee,1,118,118.0,479,0.0,1
False,8.0,58.0,292.0,3927.0,1,1,0,0,employee,1,118,118.0,478,0.0,0
