id,patch_size,patch_churn,diff_complexity,diff_size,number_comments,number_users,number_contributors,number_core_devs,opened_by,number_of_patches,words_in_discussion,words_per_comment_in_discussion,snippets_size,mean_time_between_replies,discussion_length
58,1.0,6.0,57.0,316.0,0,0,0,0,employee,0,0,0,0,0,0
377,10.0,452.0,533.0,3070.0,5,0,2,1,employee,0,108,21.6,0,0.0,0
1234,5.0,52.0,235.0,1424.0,0,0,0,0,employee,0,0,0,0,0,0
2226,2.0,108.0,351.0,3386.0,1,0,1,0,employee,0,2,2.0,0,0.0,0
804,5.0,92.0,637.0,4840.0,2,0,1,0,employee,0,8,4.0,0,0.0,0
4620,10.0,231.0,659.0,4969.0,0,0,0,0,employee,0,0,0,0,0,0
2454,1.0,3.0,62.0,385.0,0,0,0,0,employee,0,0,0,0,0,0
1260,20.0,1909.0,596.0,5471.0,8,0,2,1,employee,1,148,18.5,260,0.0,1
1602,3.0,237.0,243.0,1371.0,2,0,1,1,employee,0,7,3.5,0,0.0,0
3032,5.0,388.0,425.0,4113.0,2,0,0,1,employee,0,15,7.5,0,0.0,0
78,49.0,805.0,2153.0,16623.0,2,1,0,1,employee,0,57,28.5,0,0.0,0
124,2.0,25.0,66.0,662.0,1,0,1,0,employee,1,39,39.0,421,0.0,0
4676,4.0,125.0,343.0,4346.0,0,0,0,0,employee,0,0,0,0,0,0
2224,3.0,44.0,108.0,947.0,2,0,1,1,employee,0,4,2.0,0,0.0,0
5040,4.0,48.0,0.0,0.0,0,0,0,0,employee,0,0,0,0,0,0
1297,12.0,345.0,1237.0,13347.0,1,0,1,0,employee,0,23,23.0,0,0.0,1
1626,1.0,5.0,84.0,678.0,1,0,0,1,employee,0,2,2.0,0,0.0,0
1292,1.0,2.0,146.0,900.0,0,0,0,0,employee,0,0,0,0,0,0
248,2.0,161.0,49.0,466.0,0,0,0,0,temporary,0,0,0,0,0,0
779,10.0,97.0,1096.0,10068.0,0,0,0,0,employee,0,0,0,0,0,0
9,26.0,288.0,1115.0,7637.0,1,0,0,1,employee,0,75,75.0,0,0.0,0
413,20.0,666.0,883.0,6688.0,1,0,0,1,employee,0,15,15.0,0,0.0,0
2862,7.0,182.0,324.0,2285.0,0,0,0,0,employee,0,0,0,0,0,0
736,6.0,18.0,216.0,1531.0,0,0,0,0,employee,0,0,0,0,0,0
35,6.0,327.0,115.0,1040.0,0,0,0,0,employee,0,0,0,0,0,0
2841,3.0,15.0,150.0,935.0,0,0,0,0,employee,0,0,0,0,0,0
2065,5.0,138.0,414.0,3524.0,3,0,1,1,employee,1,16,5.333333333333333,147,0.0,0
2356,4.0,333.0,173.0,1091.0,1,0,1,0,employee,0,2,2.0,0,0.0,0
2208,2.0,22.0,332.0,3402.0,0,0,0,0,employee,0,0,0,0,0,0
1112,4.0,63.0,285.0,2703.0,1,0,1,0,employee,0,8,8.0,0,0.0,0
1715,17.0,640.0,659.0,7442.0,0,0,0,0,employee,0,0,0,0,0,0
1532,4.0,154.0,163.0,1378.0,3,0,3,0,employee,0,24,8.0,0,0.0,7
944,5.0,61.0,453.0,3583.0,12,2,2,1,employee,3,228,19.0,818,68.58333333333333,10
2317,3.0,92.0,125.0,908.0,1,0,0,1,employee,0,13,13.0,0,0.0,0
28,2.0,11.0,121.0,841.0,1,0,0,1,employee,0,2,2.0,0,0.0,0
2324,8.0,312.0,254.0,1934.0,0,0,0,0,employee,0,0,0,0,0,0
817,18.0,473.0,610.0,5421.0,1,0,1,0,employee,0,5,5.0,0,0.0,0
2197,1.0,4.0,89.0,696.0,1,0,0,1,employee,0,2,2.0,0,0.0,0
213,2.0,114.0,47.0,344.0,1,0,1,0,employee,0,2,2.0,0,0.0,0
923,6.0,27.0,131.0,1799.0,2,0,1,1,employee,1,57,28.5,1505,0.0,0
1320,1.0,2.0,144.0,895.0,1,0,0,1,employee,0,4,4.0,0,0.0,0
1264,1.0,8.0,50.0,306.0,1,0,1,0,employee,1,55,55.0,1831,0.0,0
479,7.0,163.0,426.0,3792.0,1,0,0,1,employee,0,2,2.0,0,0.0,0
5077,1.0,6.0,17.0,288.0,0,0,0,0,employee,0,0,0,0,0,0
247,1.0,5.0,80.0,424.0,0,0,0,0,employee,0,0,0,0,0,0
4891,1.0,10.0,39.0,861.0,0,0,0,0,employee,0,0,0,0,0,0
2180,1.0,16.0,63.0,363.0,2,0,1,1,employee,0,46,23.0,0,0.0,0
3008,21.0,256.0,1832.0,11025.0,4,0,3,1,employee,0,77,19.25,0,0.25,3
1308,8.0,688.0,335.0,3322.0,6,0,1,1,employee,0,68,11.333333333333334,0,1.0,9
495,3.0,147.0,138.0,1818.0,1,0,0,1,employee,0,2,2.0,0,0.0,0
501,10.0,810.0,70.0,709.0,5,1,1,1,employee,0,38,7.6,0,0.0,0
2685,5.0,757.0,17.0,155.0,1,0,1,0,employee,0,4,4.0,0,0.0,0
5013,1.0,40.0,86.0,1620.0,1,0,0,1,employee,0,3,3.0,0,0.0,0
650,1.0,11.0,152.0,923.0,4,0,1,1,employee,1,76,19.0,1695,0.0,0
455,4.0,50.0,86.0,542.0,3,0,1,1,employee,0,40,13.333333333333334,0,0.0,0
1527,1.0,5.0,10.0,112.0,0,0,0,0,employee,0,0,0,0,0,0
150,2.0,68.0,43.0,373.0,0,0,0,0,employee,0,0,0,0,0,0
1244,3.0,73.0,155.0,1040.0,2,0,2,0,employee,0,4,2.0,0,0.0,0
2276,14.0,531.0,939.0,11061.0,0,0,0,0,employee,0,0,0,0,0,0
2421,2.0,129.0,333.0,2845.0,4,1,3,0,employee,0,55,13.75,0,371.0,0
759,4.0,8.0,125.0,814.0,5,0,1,1,employee,0,39,7.8,0,0.0,0
4070,1.0,2.0,47.0,489.0,0,0,0,0,employee,0,0,0,0,0,0
1079,5.0,77.0,147.0,1410.0,2,0,2,0,employee,0,10,5.0,0,0.0,0
5513,2.0,19.0,110.0,2015.0,1,0,0,1,employee,0,9,9.0,0,0.0,2
1505,1.0,25.0,360.0,3268.0,2,0,1,1,employee,0,13,6.5,0,0.0,0
378,18.0,476.0,1111.0,9500.0,2,0,2,0,employee,0,4,2.0,0,0.0,0
245,1.0,2.0,80.0,423.0,1,0,1,0,temporary,0,8,8.0,0,0.0,0
318,1.0,3.0,130.0,592.0,1,0,0,1,employee,0,2,2.0,0,0.0,0
583,5.0,59.0,653.0,4797.0,1,0,1,0,employee,0,2,2.0,0,0.0,0
5102,11.0,22.0,603.0,7220.0,0,0,0,0,employee,0,0,0,0,0,0
4580,3.0,65.0,50.0,618.0,0,0,0,0,employee,0,0,0,0,0,0
2167,6.0,367.0,639.0,3521.0,3,0,1,1,employee,0,27,9.0,0,0.0,0
5051,12.0,95.0,602.0,7220.0,1,0,0,1,employee,0,10,10.0,0,0.0,2
4115,2.0,9.0,65.0,685.0,2,0,1,1,employee,0,49,24.5,0,0.0,0
1799,5.0,81.0,370.0,3247.0,1,0,1,0,employee,0,7,7.0,0,0.0,0
64,4.0,269.0,393.0,3195.0,1,0,0,1,employee,1,29,29.0,368,0.0,0
1364,2.0,42.0,57.0,477.0,5,0,1,1,employee,0,60,12.0,0,0.0,1
4157,1.0,2.0,69.0,445.0,0,0,0,0,employee,0,0,0,0,0,0
2091,2.0,27.0,81.0,501.0,0,0,0,0,employee,0,0,0,0,0,0
996,1.0,2.0,136.0,806.0,2,0,1,1,employee,0,18,9.0,0,0.0,0
2072,5.0,149.0,313.0,3306.0,0,0,0,0,employee,0,0,0,0,0,0
843,7.0,95.0,151.0,1853.0,0,0,0,0,employee,0,0,0,0,0,0
5669,4.0,637.0,384.0,5562.0,1,0,0,1,employee,0,19,19.0,0,0.0,0
1197,1.0,39.0,9.0,133.0,4,0,2,1,employee,0,42,10.5,0,0.75,3
858,1.0,4.0,97.0,529.0,2,0,1,1,employee,0,7,3.5,0,0.0,0
732,3.0,45.0,273.0,1548.0,0,0,0,0,employee,0,0,0,0,0,0
2722,3.0,70.0,183.0,1059.0,7,2,2,1,employee,0,228,32.57142857142857,0,16.0,0
2045,24.0,3137.0,1750.0,15668.0,1,0,1,0,employee,0,7,7.0,0,0.0,0
152,3.0,99.0,200.0,1167.0,0,0,0,0,employee,0,0,0,0,0,0
4825,4.0,36.0,510.0,4892.0,2,0,1,1,employee,1,352,176.0,3044,0.0,1
4968,1.0,11.0,39.0,371.0,0,0,0,0,employee,0,0,0,0,0,0
4272,1.0,66.0,103.0,1002.0,17,0,3,1,employee,2,247,14.529411764705882,310,1.5294117647058822,30
493,5.0,237.0,76.0,796.0,1,0,1,0,employee,0,7,7.0,0,0.0,0
811,4.0,74.0,335.0,2438.0,2,0,1,0,employee,2,84,42.0,354,0.0,0
961,1.0,44.0,151.0,941.0,0,0,0,0,employee,0,0,0,0,0,0
4686,1.0,2.0,10.0,228.0,1,0,1,0,employee,0,4,4.0,0,0.0,0
4520,1.0,48.0,53.0,815.0,0,0,0,0,employee,0,0,0,0,0,0
209,1.0,24.0,133.0,636.0,4,0,1,1,employee,0,23,5.75,0,0.0,0
347,1.0,8.0,19.0,113.0,3,0,1,1,employee,0,19,6.333333333333333,0,0.3333333333333333,7
893,1.0,45.0,3.0,46.0,1,0,1,0,employee,0,2,2.0,0,0.0,0
739,4.0,145.0,213.0,1215.0,1,0,1,0,employee,0,2,2.0,0,0.0,0
946,2.0,49.0,143.0,1647.0,0,0,0,0,employee,0,0,0,0,0,0
4990,2.0,541.0,0.0,0.0,2,0,1,1,employee,0,54,27.0,0,0.0,0
1881,1.0,2.0,17.0,201.0,1,0,0,1,employee,0,2,2.0,0,0.0,0
132,10.0,75.0,1063.0,7653.0,1,0,1,0,employee,0,2,2.0,0,0.0,0
5276,1.0,4.0,49.0,324.0,0,0,0,0,employee,0,0,0,0,0,0
743,8.0,149.0,687.0,5421.0,3,0,1,1,employee,0,24,8.0,0,0.0,1
2866,1.0,19.0,66.0,336.0,0,0,0,0,employee,0,0,0,0,0,0
44,4.0,79.0,115.0,1131.0,0,0,0,0,employee,0,0,0,0,0,0
547,2.0,12.0,319.0,2892.0,0,0,0,0,employee,0,0,0,0,0,0
4,1.0,6.0,2.0,48.0,0,0,0,0,employee,0,0,0,0,0,0
5520,1.0,57.0,267.0,3962.0,2,0,1,1,employee,0,8,4.0,0,0.0,0
343,2.0,6.0,252.0,1279.0,3,2,0,1,temporary,0,45,15.0,0,0.6666666666666666,2
4096,11.0,1060.0,807.0,9492.0,0,0,0,0,employee,0,0,0,0,0,0
314,3.0,154.0,212.0,1232.0,2,0,2,0,employee,0,6,3.0,0,1.5,0
1310,3.0,67.0,376.0,3005.0,2,0,1,1,employee,0,36,18.0,0,0.0,0
356,6.0,74.0,334.0,2229.0,2,0,1,1,employee,0,12,6.0,0,0.0,4
1479,1.0,18.0,147.0,924.0,0,0,0,0,employee,0,0,0,0,0,0
2077,4.0,126.0,186.0,1327.0,1,0,1,0,employee,0,3,3.0,0,0.0,0
2684,3.0,55.0,385.0,3806.0,1,0,1,0,employee,0,2,2.0,0,0.0,0
1345,1.0,48.0,146.0,924.0,14,0,2,1,employee,0,139,9.928571428571429,0,0.2857142857142857,5
544,5.0,186.0,256.0,1843.0,1,0,1,0,employee,0,3,3.0,0,0.0,0
922,2.0,104.0,6.0,106.0,1,0,1,0,employee,0,2,2.0,0,0.0,0
1222,1.0,30.0,104.0,524.0,0,0,0,0,employee,0,0,0,0,0,0
2523,18.0,80.0,1594.0,12666.0,5,0,1,1,employee,0,40,8.0,0,0.0,0
914,3.0,166.0,77.0,594.0,1,0,1,0,employee,0,2,2.0,0,0.0,0
2853,2.0,25.0,64.0,616.0,0,0,0,0,employee,0,0,0,0,0,0
1474,1.0,123.0,69.0,379.0,0,0,0,0,employee,0,0,0,0,0,0
4374,2.0,36.0,129.0,1182.0,1,1,0,0,employee,0,8,8.0,0,0.0,0
66,15.0,652.0,664.0,4407.0,0,0,0,0,employee,0,0,0,0,0,0
2128,3.0,6.0,86.0,566.0,1,0,0,1,employee,0,5,5.0,0,0.0,0
1324,3.0,42.0,113.0,746.0,1,0,0,1,employee,0,2,2.0,0,0.0,0
1705,2.0,14.0,10.0,153.0,2,0,1,1,employee,0,5,2.5,0,0.0,0
2502,9.0,87.0,56.0,650.0,0,0,0,0,employee,0,0,0,0,0,0
2996,5.0,36.0,184.0,1333.0,0,0,0,0,employee,0,0,0,0,0,0
2391,3.0,30.0,284.0,3106.0,2,1,0,1,temporary,0,70,35.0,0,0.0,145
5457,1.0,17.0,65.0,918.0,0,0,0,0,employee,0,0,0,0,0,0
581,1.0,12.0,177.0,2054.0,1,0,1,0,employee,0,2,2.0,0,0.0,0
1469,2.0,15.0,61.0,412.0,4,0,2,1,employee,0,42,10.5,0,0.0,0
2935,6.0,516.0,47.0,522.0,0,0,0,0,employee,0,0,0,0,0,0
466,1.0,31.0,61.0,429.0,3,0,1,1,employee,0,17,5.666666666666667,0,0.0,0
834,17.0,403.0,929.0,10004.0,1,0,1,0,employee,0,2,2.0,0,0.0,0
380,21.0,1355.0,1423.0,10409.0,1,0,1,0,employee,0,2,2.0,0,0.0,0
432,8.0,80.0,611.0,3632.0,1,0,1,0,employee,0,2,2.0,0,0.0,0
168,4.0,69.0,204.0,1238.0,1,0,1,0,employee,0,2,2.0,0,0.0,0
421,3.0,35.0,187.0,1382.0,1,0,1,0,employee,0,4,4.0,0,0.0,1
3161,1.0,8.0,30.0,348.0,4,0,1,1,employee,0,102,25.5,0,0.0,1
4650,2.0,41.0,292.0,3996.0,0,0,0,0,employee,0,0,0,0,0,0
3208,2.0,19.0,144.0,1260.0,1,0,0,1,employee,0,2,2.0,0,0.0,0
1478,3.0,44.0,4.0,20.0,0,0,0,0,employee,0,0,0,0,0,0
2496,1.0,7.0,34.0,286.0,2,0,0,1,employee,0,6,3.0,0,0.0,0
3335,1.0,2.0,3.0,46.0,1,0,0,1,employee,0,2,2.0,0,0.0,0
3031,3.0,40.0,391.0,5541.0,0,0,0,0,employee,0,0,0,0,0,0
1565,1.0,2.0,29.0,206.0,1,0,0,1,employee,0,2,2.0,0,0.0,0
1011,2.0,136.0,14.0,212.0,0,0,0,0,employee,0,0,0,0,0,0
22,2.0,6.0,106.0,623.0,0,0,0,0,employee,0,0,0,0,0,0
1250,2.0,228.0,290.0,2274.0,2,0,2,0,employee,0,13,6.5,0,0.0,0
2089,20.0,130.0,1455.0,12182.0,2,0,1,1,employee,1,38,19.0,505,0.0,0
4802,1.0,107.0,0.0,0.0,0,0,0,0,employee,0,0,0,0,0,0
580,3.0,62.0,249.0,2498.0,1,0,1,0,employee,0,2,2.0,0,0.0,0
1758,1.0,23.0,153.0,958.0,0,0,0,0,employee,0,0,0,0,0,0
192,2.0,91.0,50.0,389.0,5,0,2,1,employee,0,40,8.0,0,1.8,25
505,2.0,6.0,172.0,1056.0,1,0,0,1,employee,0,2,2.0,0,0.0,0
470,10.0,241.0,524.0,4241.0,3,0,1,1,employee,0,15,5.0,0,0.0,0
1665,3.0,40.0,518.0,5266.0,0,0,0,0,employee,0,0,0,0,0,2
557,25.0,745.0,1673.0,12013.0,1,0,1,0,employee,0,4,4.0,0,0.0,0
3755,1.0,6.0,23.0,142.0,1,0,1,0,employee,0,4,4.0,0,0.0,27
5639,1.0,2.0,4.0,51.0,1,0,1,0,employee,1,101,101.0,3366,0.0,0
70,4.0,117.0,133.0,1060.0,1,0,0,1,employee,1,3,3.0,182,0.0,0
483,13.0,185.0,740.0,5791.0,1,0,0,1,employee,0,2,2.0,0,0.0,0
3001,1.0,28.0,121.0,640.0,1,0,1,0,employee,0,3,3.0,0,0.0,0
4888,12.0,13.0,433.0,5602.0,0,0,0,0,employee,0,0,0,0,0,0
1687,1.0,2.0,45.0,324.0,2,0,2,0,employee,0,13,6.5,0,0.0,0
2602,1.0,8.0,48.0,301.0,0,0,0,0,employee,0,0,0,0,0,0
2227,7.0,55.0,264.0,3162.0,0,0,0,0,employee,0,0,0,0,0,0
2330,1.0,8.0,30.0,291.0,1,0,1,0,employee,0,2,2.0,0,0.0,0
5507,11.0,94.0,961.0,12819.0,2,0,1,1,employee,0,22,11.0,0,0.0,1
3399,2.0,31.0,77.0,651.0,0,0,0,0,employee,0,0,0,0,0,0
1485,1.0,16.0,146.0,872.0,2,0,1,1,employee,0,9,4.5,0,0.0,0
4363,6.0,322.0,246.0,2237.0,1,0,0,1,employee,0,6,6.0,0,0.0,0
3341,119.0,2639.0,7629.0,61275.0,0,0,0,0,temporary,0,0,0,0,0,0
565,1.0,24.0,318.0,2883.0,1,0,0,1,employee,0,3,3.0,0,0.0,0
3127,2.0,14.0,334.0,2869.0,1,0,0,1,employee,0,2,2.0,0,0.0,0
2140,11.0,61.0,641.0,4452.0,0,0,0,0,employee,0,0,0,0,0,0
197,1.0,20.0,74.0,390.0,2,0,1,1,employee,1,47,23.5,936,0.0,0
948,2.0,19.0,221.0,2222.0,2,0,1,1,employee,1,47,23.5,1321,0.0,0
1072,6.0,65.0,813.0,6831.0,1,0,0,1,employee,1,10,10.0,157,0.0,0
731,6.0,219.0,255.0,2056.0,1,0,0,1,employee,0,8,8.0,0,0.0,0
5070,1.0,2.0,86.0,1619.0,0,0,0,0,employee,0,0,0,0,0,1
1559,5.0,30.0,416.0,3451.0,1,0,1,0,employee,0,2,2.0,0,0.0,1
1248,4.0,323.0,87.0,705.0,2,0,1,1,employee,1,56,28.0,637,0.0,0
3014,8.0,186.0,391.0,2913.0,0,0,0,0,employee,0,0,0,0,0,0
867,1.0,61.0,9.0,62.0,0,0,0,0,employee,0,0,0,0,0,0
1219,8.0,397.0,441.0,2706.0,2,0,1,1,employee,1,20,10.0,367,0.0,0
4609,16.0,556.0,806.0,5483.0,0,0,0,0,employee,0,0,0,0,0,0
5080,8.0,72.0,232.0,2206.0,1,0,1,0,employee,0,7,7.0,0,0.0,0
4666,2.0,46.0,91.0,1203.0,0,0,0,0,employee,0,0,0,0,0,0
2285,3.0,165.0,195.0,1272.0,4,1,0,1,employee,0,44,11.0,0,17.0,0
3408,2.0,80.0,68.0,628.0,1,0,0,1,employee,0,2,2.0,0,0.0,0
590,2.0,83.0,128.0,709.0,1,0,1,0,employee,0,2,2.0,0,0.0,0
801,2.0,32.0,144.0,958.0,1,0,0,1,employee,0,6,6.0,0,0.0,0
3282,4.0,87.0,241.0,2991.0,0,0,0,0,employee,0,0,0,0,0,0
4438,4.0,9.0,43.0,300.0,0,0,0,0,employee,0,0,0,0,0,0
1289,4.0,55.0,234.0,1921.0,1,0,0,1,employee,0,2,2.0,0,0.0,0
2520,7.0,856.0,103.0,725.0,3,0,1,1,employee,0,65,21.666666666666668,0,0.0,10
2956,3.0,98.0,208.0,1467.0,0,0,0,0,temporary,0,0,0,0,0,0
267,6.0,2060.0,180.0,1252.0,1,0,1,0,employee,0,6,6.0,0,0.0,0
1230,2.0,18.0,111.0,570.0,0,0,0,0,employee,0,0,0,0,0,0
2688,6.0,62.0,656.0,7417.0,3,0,1,1,employee,0,40,13.333333333333334,0,0.0,0
4565,7.0,208.0,476.0,4414.0,0,0,0,0,employee,0,0,0,0,0,1
518,1.0,37.0,72.0,510.0,3,0,1,1,employee,0,23,7.666666666666667,0,0.0,0
1662,1.0,3.0,78.0,1370.0,1,0,1,0,employee,0,2,2.0,0,0.0,0
1321,1.0,3.0,139.0,1720.0,1,0,1,0,employee,0,7,7.0,0,0.0,0
2927,1.0,54.0,202.0,2829.0,0,0,0,0,employee,0,0,0,0,0,1
4288,3.0,92.0,173.0,1439.0,0,0,0,0,employee,0,0,0,0,0,0
494,3.0,253.0,97.0,929.0,3,0,1,0,employee,0,18,6.0,0,0.0,0
155,11.0,438.0,691.0,5573.0,4,0,3,1,employee,0,56,14.0,0,0.0,0
4582,4.0,131.0,33.0,554.0,0,0,0,0,employee,0,0,0,0,0,0
587,4.0,79.0,299.0,1732.0,1,0,1,0,employee,0,2,2.0,0,0.0,0
1794,1.0,4.0,80.0,513.0,1,0,0,1,employee,0,6,6.0,0,0.0,0
2917,12.0,86.0,947.0,11976.0,0,0,0,0,employee,0,0,0,0,0,0
5189,23.0,291.0,1356.0,19214.0,3,0,1,1,employee,0,33,11.0,0,31.0,6
1618,3.0,185.0,328.0,1624.0,1,0,0,1,employee,0,3,3.0,0,0.0,2
394,18.0,654.0,975.0,6919.0,1,0,1,0,employee,0,8,8.0,0,0.0,0
4635,1.0,24.0,256.0,3711.0,0,0,0,0,employee,0,0,0,0,0,0
2999,2.0,28.0,93.0,827.0,0,0,0,0,employee,0,0,0,0,0,0
4939,1.0,23.0,265.0,3905.0,0,0,0,0,employee,0,0,0,0,0,0
1332,3.0,236.0,385.0,4408.0,5,0,1,1,employee,1,92,18.4,227,0.0,1
5638,2.0,179.0,194.0,3699.0,1,0,0,1,employee,0,21,21.0,0,0.0,0
1634,1.0,61.0,318.0,1425.0,1,0,1,0,employee,0,2,2.0,0,0.0,0
2048,3.0,170.0,270.0,2870.0,2,1,1,0,employee,0,10,5.0,0,0.0,0
1663,8.0,80.0,789.0,7422.0,1,0,1,0,employee,0,5,5.0,0,0.0,0
4696,1.0,2.0,89.0,616.0,0,0,0,0,employee,0,0,0,0,0,0
579,1.0,1.0,34.0,436.0,1,0,1,0,employee,0,2,2.0,0,0.0,0
1759,1.0,17.0,144.0,948.0,1,0,0,1,employee,0,2,2.0,0,0.0,0
3425,2.0,174.0,50.0,579.0,0,0,0,0,employee,0,0,0,0,0,0
1868,1.0,2.0,134.0,1164.0,1,0,1,0,employee,0,3,3.0,0,0.0,0
3330,3.0,5.0,105.0,879.0,0,0,0,0,employee,0,0,0,0,0,0
3140,4.0,45.0,660.0,5735.0,0,0,0,0,employee,0,0,0,0,0,0
1855,1.0,7.0,4.0,60.0,1,0,0,1,employee,0,2,2.0,0,0.0,0
1449,2.0,54.0,49.0,547.0,0,0,0,0,employee,0,0,0,0,0,0
387,13.0,351.0,826.0,5781.0,1,0,1,0,employee,0,3,3.0,0,0.0,0
250,1.0,3.0,16.0,254.0,0,0,0,0,temporary,0,0,0,0,0,0
1124,4.0,331.0,495.0,4770.0,1,0,1,0,employee,0,2,2.0,0,0.0,0
4088,2.0,10.0,4.0,47.0,0,0,0,0,employee,0,0,0,0,0,0
280,8.0,471.0,410.0,3341.0,2,0,1,1,employee,0,11,5.5,0,0.0,0
652,3.0,84.0,112.0,1340.0,2,0,1,0,employee,0,56,28.0,0,0.0,0
709,1.0,24.0,104.0,1644.0,2,0,2,0,employee,0,5,2.5,0,0.0,0
534,4.0,223.0,108.0,1047.0,2,0,1,1,employee,1,41,20.5,1132,0.0,0
769,8.0,263.0,437.0,3495.0,1,0,0,1,employee,0,3,3.0,0,0.0,0
4160,1.0,7.0,98.0,932.0,1,0,1,0,employee,0,9,9.0,0,0.0,2
1959,4.0,230.0,937.0,6722.0,3,0,1,1,employee,1,92,30.666666666666668,1610,0.0,0
4116,24.0,319.0,1019.0,13693.0,3,0,1,1,employee,0,24,8.0,0,0.0,0
582,13.0,73.0,462.0,4917.0,1,0,1,0,employee,0,2,2.0,0,0.0,0
2403,2.0,37.0,223.0,1734.0,1,0,0,1,employee,0,4,4.0,0,0.0,0
2159,2.0,30.0,18.0,231.0,0,0,0,0,employee,0,0,0,0,0,0
389,9.0,263.0,850.0,5651.0,2,0,2,0,employee,0,6,3.0,0,0.0,0
500,4.0,198.0,49.0,476.0,2,0,2,0,employee,0,27,13.5,0,0.0,0
724,2.0,83.0,81.0,571.0,0,0,0,0,employee,0,0,0,0,0,0
5502,2.0,10.0,140.0,2129.0,0,0,0,0,employee,0,0,0,0,0,0
537,4.0,39.0,208.0,1197.0,0,0,0,0,employee,0,0,0,0,0,0
71,5.0,274.0,198.0,1844.0,1,0,0,1,employee,1,3,3.0,182,0.0,0
4444,1.0,3.0,49.0,434.0,0,0,0,0,employee,0,0,0,0,0,5
4213,3.0,33.0,65.0,509.0,0,0,0,0,employee,0,0,0,0,0,0
4476,4.0,27.0,265.0,2418.0,0,0,0,0,employee,0,0,0,0,0,0
1456,1.0,17.0,140.0,1737.0,2,0,2,0,employee,0,8,4.0,0,0.0,0
4359,4.0,325.0,662.0,5615.0,5,0,2,1,employee,0,101,20.2,0,0.0,0
2471,1.0,2.0,34.0,285.0,1,0,0,1,employee,0,2,2.0,0,0.0,0
4502,1.0,17.0,107.0,1073.0,0,0,0,0,employee,0,0,0,0,0,1
737,1.0,8.0,81.0,653.0,2,0,1,1,employee,0,22,11.0,0,0.0,0
476,22.0,515.0,563.0,4842.0,3,0,1,1,employee,0,13,4.333333333333333,0,0.0,0
949,3.0,109.0,48.0,521.0,6,0,1,1,employee,0,129,21.5,0,2.0,14
1089,11.0,496.0,765.0,7509.0,16,1,3,1,employee,1,273,17.0625,112,2.8125,0
1939,2.0,18.0,495.0,4041.0,0,0,0,0,employee,0,0,0,0,0,8
2332,1.0,140.0,82.0,436.0,0,0,0,0,employee,0,0,0,0,0,0
3875,2.0,13.0,413.0,3969.0,1,0,0,1,employee,0,3,3.0,0,0.0,0
4420,1.0,3.0,74.0,404.0,0,0,0,0,employee,0,0,0,0,0,25
4492,2.0,10.0,286.0,3841.0,0,0,0,0,employee,0,0,0,0,0,0
1080,3.0,23.0,185.0,2187.0,1,0,1,0,employee,0,2,2.0,0,0.0,0
2105,6.0,45.0,438.0,4309.0,1,0,0,1,employee,0,7,7.0,0,0.0,0
4788,3.0,31.0,107.0,1094.0,0,0,0,0,employee,0,0,0,0,0,0
14,1.0,16.0,0.0,16.0,1,0,0,1,employee,0,8,8.0,0,0.0,0
2873,2.0,46.0,17.0,232.0,0,0,0,0,employee,0,0,0,0,0,0
63,2.0,364.0,268.0,2581.0,1,0,0,1,employee,1,30,30.0,368,0.0,0
839,2.0,42.0,127.0,1359.0,0,0,0,0,employee,0,0,0,0,0,0
5496,2.0,140.0,179.0,2078.0,1,0,0,1,employee,0,37,37.0,0,0.0,0
5718,2.0,13.0,137.0,2197.0,0,0,0,0,employee,0,0,0,0,0,0
2959,6.0,1414.0,277.0,2325.0,8,1,1,1,employee,0,185,23.125,0,0.25,12
1590,9.0,2116.0,588.0,5351.0,5,0,1,1,employee,0,204,40.8,0,0.0,2
2168,8.0,61.0,560.0,5362.0,0,0,0,0,employee,0,0,0,0,0,0
748,3.0,88.0,83.0,942.0,3,0,2,1,employee,0,16,5.333333333333333,0,0.0,0
2039,2.0,66.0,57.0,784.0,0,0,0,0,employee,0,0,0,0,0,0
4291,1.0,2.0,10.0,128.0,1,0,0,1,employee,0,2,2.0,0,0.0,1
911,2.0,28.0,68.0,575.0,4,0,1,1,employee,0,22,5.5,0,0.0,0
4372,10.0,135.0,964.0,11538.0,0,0,0,0,employee,0,0,0,0,0,0
4792,1.0,29.0,259.0,3815.0,0,0,0,0,employee,0,0,0,0,0,0
4479,2.0,84.0,189.0,1358.0,8,1,1,1,employee,1,203,25.375,1014,0.125,2
2717,2.0,51.0,47.0,335.0,1,0,1,0,employee,0,2,2.0,0,0.0,0
20,2.0,52.0,330.0,2824.0,0,0,0,0,employee,0,0,0,0,0,0
129,58.0,62.0,4.0,63.0,1,0,1,0,employee,0,10,10.0,0,0.0,0
4678,1.0,60.0,258.0,3782.0,0,0,0,0,employee,0,0,0,0,0,0
2712,43.0,7483.0,1936.0,18163.0,1,0,1,0,employee,0,2,2.0,0,0.0,0
140,1.0,1.0,89.0,429.0,5,0,1,1,employee,0,28,5.6,0,0.0,0
232,1.0,48.0,9.0,115.0,3,0,1,1,employee,1,54,18.0,936,0.0,0
170,2.0,4.0,159.0,860.0,1,0,0,1,employee,0,2,2.0,0,0.0,0
25,2.0,1897.0,279.0,2536.0,0,0,0,0,employee,0,0,0,0,0,0
3210,2.0,34.0,58.0,569.0,1,0,0,1,employee,0,10,10.0,0,0.0,0
134,2.0,1198.0,152.0,951.0,2,0,1,1,employee,0,13,6.5,0,0.0,0
2244,2.0,22.0,116.0,662.0,2,0,1,0,employee,0,14,7.0,0,0.0,0
3613,1.0,2.0,0.0,0.0,0,0,0,0,employee,0,0,0,0,0,0
1619,2.0,351.0,304.0,1521.0,4,0,1,1,employee,1,86,21.5,201,0.0,0
4511,65.0,449.0,4474.0,40172.0,0,0,0,0,employee,0,0,0,0,0,0
411,8.0,46.0,550.0,3687.0,4,1,1,0,employee,0,63,15.75,0,0.0,0
1341,1.0,1.0,43.0,278.0,1,0,0,1,employee,0,2,2.0,0,0.0,0
569,3.0,49.0,513.0,3822.0,1,0,1,0,employee,0,2,2.0,0,0.0,0
55,2.0,26.0,355.0,2975.0,1,0,0,1,employee,0,7,7.0,0,0.0,0
3013,3.0,91.0,202.0,1592.0,0,0,0,0,employee,0,0,0,0,0,0
1103,4.0,104.0,234.0,2288.0,0,0,0,0,employee,0,0,0,0,0,0
4628,5.0,147.0,300.0,2037.0,0,0,0,0,employee,0,0,0,0,0,0
643,1.0,2.0,44.0,290.0,1,0,0,1,employee,0,2,2.0,0,0.0,0
469,18.0,557.0,583.0,5327.0,2,0,1,0,employee,0,14,7.0,0,0.0,0
1606,2.0,8.0,364.0,3337.0,1,0,0,1,employee,0,2,2.0,0,0.0,0
1614,3.0,97.0,298.0,1513.0,3,0,1,1,employee,0,21,7.0,0,0.0,0
4639,1.0,1.0,71.0,459.0,0,0,0,0,employee,0,0,0,0,0,0
4654,1.0,18.0,55.0,355.0,1,0,0,1,employee,0,3,3.0,0,0.0,0
892,1.0,56.0,4.0,57.0,1,0,1,0,employee,0,2,2.0,0,0.0,0
2978,4.0,41.0,552.0,6844.0,0,0,0,0,employee,0,0,0,0,0,0
2034,4.0,61.0,148.0,1098.0,3,1,0,1,temporary,0,32,10.666666666666666,0,0.0,1
1603,3.0,222.0,269.0,1475.0,1,0,0,1,employee,0,3,3.0,0,0.0,0
3159,3.0,703.0,76.0,706.0,5,0,1,1,employee,0,66,13.2,0,4.0,34
1649,2.0,243.0,450.0,2570.0,1,0,1,0,employee,0,2,2.0,0,0.0,0
888,8.0,590.0,29.0,397.0,1,0,1,0,employee,0,5,5.0,0,0.0,0
4680,16.0,168.0,1201.0,16585.0,11,0,3,1,employee,4,316,28.727272727272727,292,0.09090909090909091,2
1201,9.0,152.0,468.0,3158.0,3,1,1,1,employee,0,52,17.333333333333332,0,0.0,11
5707,1.0,10.0,56.0,823.0,1,0,0,1,employee,2,20,20.0,477,0.0,0
5113,1.0,10.0,10.0,232.0,2,0,1,1,employee,1,29,14.5,523,0.0,3
1714,3.0,102.0,337.0,1718.0,0,0,0,0,employee,0,0,0,0,0,0
645,3.0,124.0,305.0,1743.0,1,0,1,0,employee,0,6,6.0,0,0.0,0
4040,1.0,2.0,1.0,93.0,0,0,0,0,employee,0,0,0,0,0,0
2182,46.0,1608.0,1945.0,20688.0,0,0,0,0,employee,0,0,0,0,0,0
1674,1.0,12.0,56.0,279.0,0,0,0,0,employee,0,0,0,0,0,0
886,1.0,101.0,22.0,201.0,1,0,1,0,employee,0,2,2.0,0,0.0,0
45,4.0,435.0,129.0,1167.0,0,0,0,0,employee,0,0,0,0,0,0
2103,1.0,8.0,29.0,206.0,1,0,0,1,employee,0,2,2.0,0,0.0,0
735,1.0,3.0,25.0,149.0,0,0,0,0,employee,0,0,0,0,0,0
452,4.0,126.0,134.0,1470.0,5,0,1,1,employee,0,33,6.6,0,0.0,0
1238,3.0,378.0,132.0,1200.0,1,0,0,1,employee,0,8,8.0,0,0.0,0
11,4.0,628.0,268.0,3262.0,0,0,0,0,employee,0,0,0,0,0,0
103,3.0,123.0,486.0,3543.0,0,0,0,0,employee,0,0,0,0,0,0
4478,1.0,1.0,79.0,1481.0,1,0,0,1,employee,0,3,3.0,0,0.0,0
4677,14.0,72.0,832.0,12705.0,5,0,2,1,employee,1,51,10.2,121,0.0,0
989,1.0,2.0,45.0,240.0,1,0,1,0,employee,0,3,3.0,0,0.0,0
3845,1.0,2.0,97.0,934.0,0,0,0,0,employee,0,0,0,0,0,0
188,1.0,3.0,75.0,396.0,1,1,0,0,employee,0,2,2.0,0,0.0,0
4600,1.0,6.0,0.0,4.0,1,0,0,1,employee,0,1,1.0,0,0.0,0
2115,6.0,31.0,310.0,2442.0,1,0,1,0,employee,0,3,3.0,0,0.0,0
3284,3.0,17.0,150.0,1357.0,0,0,0,0,employee,0,0,0,0,0,0
2905,3.0,118.0,147.0,1320.0,0,0,0,0,employee,0,0,0,0,0,0
4584,7.0,45.0,451.0,3221.0,3,0,1,1,employee,3,233,77.66666666666667,673,0.0,0
785,12.0,181.0,1141.0,10807.0,2,0,1,0,employee,0,11,5.5,0,0.0,0
5347,1.0,3.0,78.0,471.0,1,0,1,0,employee,0,12,12.0,0,0.0,2
2183,24.0,146.0,546.0,6510.0,2,1,1,0,employee,1,59,29.5,124,0.0,0
5195,1.0,47.0,88.0,1666.0,1,0,0,1,employee,0,8,8.0,0,0.0,196
897,1.0,2.0,116.0,594.0,0,0,0,0,employee,0,0,0,0,0,0
2101,7.0,342.0,91.0,1037.0,3,0,1,1,employee,0,32,10.666666666666666,0,0.0,0
4531,2.0,16.0,140.0,1422.0,0,0,0,0,employee,0,0,0,0,0,0
2220,1.0,2.0,36.0,255.0,1,0,1,0,employee,0,18,18.0,0,0.0,0
1330,3.0,105.0,101.0,590.0,3,0,1,1,employee,0,24,8.0,0,0.0,1
34,2.0,63.0,75.0,453.0,0,0,0,0,employee,0,0,0,0,0,0
1313,2.0,30.0,297.0,2343.0,2,0,2,0,employee,0,53,26.5,0,0.0,0
694,2.0,32.0,335.0,3181.0,3,1,1,0,employee,0,22,7.333333333333333,0,0.0,0
301,2.0,10.0,75.0,543.0,5,0,1,1,employee,0,57,11.4,0,0.0,1
2972,1.0,2.0,144.0,887.0,0,0,0,0,employee,0,0,0,0,0,0
391,11.0,405.0,744.0,4355.0,2,0,1,0,employee,0,10,5.0,0,0.0,0
915,4.0,60.0,705.0,6053.0,1,0,1,0,employee,0,2,2.0,0,0.0,0
4561,1.0,12.0,17.0,113.0,1,0,0,1,employee,1,15,15.0,375,0.0,0
123,1.0,2.0,165.0,1790.0,2,0,1,1,employee,0,24,12.0,0,0.0,0
456,13.0,431.0,630.0,5545.0,6,0,1,1,employee,0,67,11.166666666666666,0,0.0,0
76,1.0,72.0,22.0,171.0,0,0,0,0,employee,0,0,0,0,0,0
755,2.0,188.0,20.0,190.0,6,0,1,1,employee,0,32,5.333333333333333,0,0.0,1
4803,1.0,2.0,82.0,1231.0,0,0,0,0,employee,0,0,0,0,0,0
727,1.0,35.0,6.0,93.0,1,0,1,0,employee,0,3,3.0,0,0.0,0
2090,1.0,15.0,86.0,651.0,0,0,0,0,employee,0,0,0,0,0,0
3147,4.0,53.0,744.0,7968.0,0,0,0,0,employee,0,0,0,0,0,0
1095,1.0,2.0,52.0,244.0,0,0,0,0,employee,0,0,0,0,0,3
2446,4.0,217.0,166.0,1305.0,1,0,1,0,employee,0,2,2.0,0,0.0,0
2445,4.0,91.0,99.0,882.0,3,0,1,1,employee,1,56,18.666666666666668,68,0.0,0
667,2.0,103.0,15.0,157.0,0,0,0,0,employee,0,0,0,0,0,0
135,1.0,1.0,131.0,828.0,0,0,0,0,employee,0,0,0,0,0,0
1995,3.0,64.0,523.0,3119.0,4,1,2,0,employee,2,66,16.5,595,142.5,0
1181,2.0,6.0,206.0,1055.0,0,0,0,0,employee,0,0,0,0,0,0
670,1.0,38.0,75.0,410.0,2,0,1,1,employee,1,44,22.0,1321,0.0,0
532,8.0,482.0,390.0,2199.0,2,0,1,1,employee,1,65,32.5,1238,0.0,0
2614,3.0,803.0,40.0,835.0,3,0,0,1,employee,0,8,2.6666666666666665,0,4.666666666666667,14
62,2.0,135.0,264.0,2584.0,0,0,0,0,employee,0,0,0,0,0,0
462,8.0,244.0,418.0,3027.0,3,0,1,1,employee,0,23,7.666666666666667,0,0.0,0
824,1.0,2.0,7.0,101.0,1,0,1,0,employee,0,2,2.0,0,0.0,0
4503,1.0,26.0,24.0,282.0,0,0,0,0,employee,0,0,0,0,0,0
2036,2.0,104.0,59.0,808.0,0,0,0,0,employee,0,0,0,0,0,0
2716,6.0,46.0,272.0,1567.0,1,0,0,1,employee,0,10,10.0,0,0.0,0
2816,1.0,24.0,169.0,1047.0,1,0,1,0,employee,0,2,2.0,0,0.0,15
2095,18.0,1066.0,1320.0,13126.0,0,0,0,0,employee,0,0,0,0,0,0
156,9.0,162.0,766.0,5812.0,3,0,1,1,employee,0,11,3.6666666666666665,0,1.3333333333333333,4
3066,1.0,6.0,22.0,277.0,2,0,1,1,employee,1,77,38.5,2525,0.0,0
1848,2.0,6.0,44.0,392.0,1,0,0,1,employee,0,2,2.0,0,0.0,48
1113,4.0,109.0,525.0,5788.0,1,0,1,0,employee,0,14,14.0,0,0.0,0
1143,16.0,250.0,1109.0,9344.0,2,0,1,1,employee,0,24,12.0,0,0.0,0
3057,14.0,358.0,1044.0,9751.0,0,0,0,0,employee,0,0,0,0,0,4
499,3.0,311.0,147.0,994.0,2,0,2,0,employee,0,13,6.5,0,0.0,0
4736,2.0,15.0,37.0,349.0,0,0,0,0,employee,0,0,0,0,0,0
604,3.0,366.0,267.0,1605.0,1,0,0,1,employee,0,2,2.0,0,0.0,0
2037,7.0,81.0,392.0,2737.0,1,0,0,1,employee,0,3,3.0,0,0.0,0
598,2.0,33.0,109.0,1296.0,2,0,1,1,employee,0,4,2.0,0,0.0,0
1388,22.0,1589.0,1280.0,10969.0,7,0,1,1,employee,0,603,86.14285714285714,0,8.571428571428571,61
1221,2.0,17.0,115.0,613.0,0,0,0,0,employee,0,0,0,0,0,0
2185,6.0,95.0,829.0,6455.0,1,0,1,0,employee,0,2,2.0,0,0.0,0
997,2.0,50.0,407.0,3668.0,0,0,0,0,employee,0,0,0,0,0,1
54,2.0,78.0,349.0,2955.0,1,0,0,1,employee,0,3,3.0,0,0.0,0
100,2.0,8.0,347.0,2847.0,1,0,1,0,employee,0,8,8.0,0,0.0,0
1760,2.0,20.0,240.0,1744.0,4,1,0,1,temporary,0,26,6.5,0,0.0,0
5494,1.0,38.0,14.0,248.0,3,0,1,1,employee,0,35,11.666666666666666,0,0.3333333333333333,2
1169,5.0,226.0,510.0,4394.0,2,0,1,1,employee,0,5,2.5,0,0.0,1
874,3.0,228.0,116.0,702.0,4,0,1,1,employee,2,114,28.5,3010,0.0,1
1245,6.0,450.0,874.0,8557.0,0,0,0,0,employee,0,0,0,0,0,0
2307,2.0,46.0,125.0,1013.0,1,0,1,0,employee,0,3,3.0,0,0.0,0
3125,4.0,58.0,201.0,1647.0,2,0,1,0,employee,0,64,32.0,0,0.0,0
1879,1.0,2.0,109.0,608.0,0,0,0,0,employee,0,0,0,0,0,0
1196,1.0,4.0,36.0,241.0,0,0,0,0,employee,0,0,0,0,0,0
3327,1.0,12.0,10.0,57.0,0,0,0,0,employee,0,0,0,0,0,0
2538,1.0,3.0,5.0,54.0,0,0,0,0,employee,0,0,0,0,0,0
4665,6.0,262.0,52.0,877.0,0,0,0,0,employee,0,0,0,0,0,0
53,10.0,1048.0,753.0,5596.0,2,1,0,1,employee,0,13,6.5,0,0.0,0
5423,1.0,37.0,107.0,1935.0,0,0,0,0,employee,0,0,0,0,0,0
1307,3.0,12.0,73.0,768.0,1,0,1,0,employee,0,10,10.0,0,0.0,0
3398,2.0,17.0,69.0,568.0,0,0,0,0,employee,0,0,0,0,0,0
1140,2.0,37.0,164.0,1195.0,1,0,0,1,employee,0,2,2.0,0,0.0,1
2146,3.0,181.0,543.0,3107.0,0,0,0,0,employee,0,0,0,0,0,0
5086,1.0,4.0,12.0,200.0,0,0,0,0,employee,0,0,0,0,0,0
3025,2.0,300.0,83.0,1209.0,11,0,1,1,employee,2,306,27.818181818181817,212,1.2727272727272727,19
2030,1.0,230.0,16.0,231.0,1,0,1,0,employee,0,8,8.0,0,0.0,0
42,5.0,74.0,177.0,1500.0,0,0,0,0,employee,0,0,0,0,0,0
1287,1.0,5.0,1.0,37.0,1,0,1,0,employee,1,55,55.0,1831,0.0,0
48,4.0,58.0,516.0,3984.0,1,0,0,1,employee,0,10,10.0,0,0.0,2
393,1.0,12.0,73.0,316.0,1,0,1,0,employee,0,2,2.0,0,0.0,0
562,7.0,239.0,272.0,1705.0,1,0,1,0,employee,0,2,2.0,0,0.0,0
4672,4.0,11.0,235.0,1339.0,0,0,0,0,employee,0,0,0,0,0,0
1025,2.0,8.0,43.0,384.0,1,0,0,1,employee,0,2,2.0,0,0.0,47
1177,1.0,4.0,42.0,299.0,0,0,0,0,employee,0,0,0,0,0,0
2973,5.0,34.0,443.0,4560.0,3,1,0,1,employee,0,22,7.333333333333333,0,0.0,0
734,16.0,83.0,990.0,8880.0,3,0,2,1,employee,0,19,6.333333333333333,0,0.0,0
4739,1.0,2.0,16.0,332.0,0,0,0,0,employee,0,0,0,0,0,0
153,6.0,248.0,541.0,3951.0,3,0,1,1,employee,0,46,15.333333333333334,0,1.3333333333333333,5
1718,2.0,41.0,473.0,3856.0,0,0,0,0,employee,0,0,0,0,0,0
2137,12.0,260.0,1186.0,9830.0,1,0,1,0,employee,0,2,2.0,0,0.0,1
1393,2.0,15.0,171.0,1946.0,1,0,0,1,employee,0,2,2.0,0,0.0,0
308,2.0,74.0,73.0,321.0,2,0,1,1,employee,0,21,10.5,0,0.0,0
4373,2.0,7.0,58.0,659.0,0,0,0,0,employee,0,0,0,0,0,0
3287,1.0,4.0,163.0,1511.0,0,0,0,0,employee,0,0,0,0,0,0
3272,2.0,14.0,523.0,3370.0,1,0,0,1,employee,0,3,3.0,0,0.0,0
2544,12.0,443.0,979.0,8549.0,0,0,0,0,employee,0,0,0,0,0,0
307,8.0,60.0,715.0,4960.0,4,0,1,1,employee,0,37,9.25,0,0.0,0
5663,1.0,63.0,25.0,599.0,0,0,0,0,employee,0,0,0,0,0,5
355,2.0,184.0,12.0,186.0,2,0,0,1,employee,0,4,2.0,0,0.0,0
2188,5.0,11.0,529.0,6972.0,2,0,1,1,employee,1,21,10.5,488,0.0,2
713,3.0,36.0,160.0,1025.0,1,0,1,0,employee,0,2,2.0,0,0.0,0
1116,2.0,47.0,122.0,1596.0,1,0,1,0,employee,0,3,3.0,0,0.0,0
553,25.0,489.0,1350.0,10189.0,1,0,1,0,employee,0,2,2.0,0,0.0,0
4547,10.0,250.0,372.0,3038.0,2,0,0,2,employee,0,10,5.0,0,3.5,2
246,1.0,4.0,121.0,736.0,3,1,1,1,temporary,0,32,10.666666666666666,0,0.0,0
708,1.0,2.0,326.0,3053.0,1,0,1,0,employee,0,2,2.0,0,0.0,0
1595,2.0,540.0,48.0,542.0,4,0,1,1,employee,0,33,8.25,0,0.75,0
2052,6.0,73.0,497.0,4382.0,2,0,1,1,employee,0,6,3.0,0,0.0,0
419,1.0,162.0,53.0,391.0,6,0,1,1,employee,0,77,12.833333333333334,0,0.0,0
593,3.0,6.0,73.0,853.0,0,0,0,0,employee,0,0,0,0,0,0
4532,1.0,9.0,54.0,802.0,0,0,0,0,employee,0,0,0,0,0,0
4653,3.0,8.0,78.0,939.0,2,0,1,1,employee,0,9,4.5,0,0.0,0
854,1.0,2.0,82.0,416.0,0,0,0,0,employee,0,0,0,0,0,0
2804,2.0,225.0,31.0,392.0,6,0,1,1,employee,0,69,11.5,0,0.3333333333333333,3
94,7.0,828.0,465.0,2983.0,1,0,0,1,employee,0,4,4.0,0,0.0,0
2118,240.0,2482.0,7225.0,62606.0,2,0,1,1,employee,0,15,7.5,0,0.0,0
199,2.0,47.0,37.0,287.0,2,0,2,0,employee,1,52,26.0,936,0.0,0
628,5.0,108.0,385.0,3448.0,2,0,1,0,employee,0,5,2.5,0,0.0,0
693,1.0,11.0,33.0,266.0,1,0,1,0,employee,0,4,4.0,0,0.0,0
1100,1.0,8.0,150.0,946.0,6,0,2,1,employee,0,64,10.666666666666666,0,0.0,0
21,1.0,7.0,93.0,607.0,0,0,0,0,employee,0,0,0,0,0,0
722,7.0,61.0,639.0,5386.0,0,0,0,0,employee,0,0,0,0,0,0
2319,2.0,106.0,24.0,274.0,0,0,0,0,employee,0,0,0,0,0,0
5528,1.0,31.0,83.0,1655.0,0,0,0,0,employee,0,0,0,0,0,2
2026,2.0,11.0,43.0,515.0,0,0,0,0,employee,0,0,0,0,0,0
1960,3.0,35.0,176.0,1406.0,6,1,1,1,employee,1,88,14.666666666666666,559,80.16666666666667,0
2721,1.0,3.0,389.0,3724.0,0,0,0,0,employee,0,0,0,0,0,0
602,3.0,76.0,271.0,1835.0,3,0,1,1,employee,0,16,5.333333333333333,0,0.3333333333333333,1
955,3.0,8.0,189.0,2180.0,1,0,1,0,employee,0,6,6.0,0,0.0,0
29,5.0,136.0,506.0,4066.0,0,0,0,0,employee,0,0,0,0,0,0
551,56.0,330.0,2239.0,16902.0,2,0,2,0,employee,0,8,4.0,0,0.0,0
1243,9.0,152.0,468.0,3158.0,1,0,0,1,employee,0,4,4.0,0,0.0,0
1875,12.0,642.0,334.0,2725.0,2,0,1,1,employee,0,20,10.0,0,0.0,0
399,4.0,371.0,159.0,1016.0,4,0,2,0,employee,1,61,15.25,204,0.0,0
1658,1.0,30.0,48.0,322.0,1,0,1,0,employee,0,2,2.0,0,0.0,0
422,1.0,39.0,41.0,203.0,3,0,1,1,employee,2,148,49.333333333333336,1144,0.0,0
527,2.0,170.0,42.0,362.0,4,0,2,1,employee,1,72,18.0,1319,0.0,0
2113,1.0,18.0,7.0,83.0,1,0,1,0,employee,1,14,14.0,69,0.0,0
1473,4.0,52.0,148.0,1052.0,0,0,0,0,employee,0,0,0,0,0,0
561,3.0,432.0,0.0,0.0,0,0,0,0,employee,0,0,0,0,0,0
5460,1.0,4.0,265.0,3906.0,0,0,0,0,employee,0,0,0,0,0,0
80,14.0,418.0,551.0,4424.0,3,0,1,1,employee,1,61,20.333333333333332,182,0.0,0
774,3.0,532.0,339.0,3782.0,0,0,0,0,employee,0,0,0,0,0,0
2004,1.0,1.0,17.0,47.0,2,0,1,1,employee,1,13,6.5,254,0.0,0
566,5.0,420.0,371.0,3334.0,9,0,1,1,employee,1,128,14.222222222222221,646,0.5555555555555556,6
160,1.0,2.0,39.0,296.0,0,0,0,0,employee,0,0,0,0,0,0
883,1.0,136.0,6.0,100.0,2,0,1,1,employee,0,8,4.0,0,0.0,0
512,15.0,131.0,956.0,7141.0,2,0,1,1,employee,0,14,7.0,0,0.0,0
10,2.0,165.0,190.0,2192.0,0,0,0,0,employee,0,0,0,0,0,0
1630,3.0,71.0,426.0,2391.0,1,0,0,1,employee,0,3,3.0,0,0.0,0
4381,2.0,20.0,242.0,2951.0,0,0,0,0,employee,0,0,0,0,0,0
4970,1.0,2.0,1.0,32.0,2,0,1,1,employee,0,23,11.5,0,0.0,3
836,5.0,439.0,381.0,2763.0,2,0,1,1,employee,0,5,2.5,0,0.0,0
1570,3.0,81.0,329.0,2854.0,2,0,1,1,employee,0,13,6.5,0,0.0,0
2713,3.0,49.0,240.0,3014.0,1,0,0,1,employee,0,2,2.0,0,0.0,0
1880,4.0,55.0,223.0,1747.0,0,0,0,0,employee,0,0,0,0,0,0
2835,1.0,6.0,360.0,1869.0,4,0,1,1,employee,2,42,10.5,98,0.0,0
4341,18.0,646.0,780.0,6881.0,0,0,0,0,employee,0,0,0,0,0,34
2293,1.0,2.0,94.0,715.0,0,0,0,0,employee,0,0,0,0,0,0
2583,4.0,31.0,274.0,1764.0,2,0,1,1,employee,0,13,6.5,0,0.5,1
513,1.0,4.0,79.0,430.0,4,0,3,0,employee,0,14,3.5,0,0.0,0
465,2.0,2.0,105.0,607.0,1,0,1,0,employee,0,2,2.0,0,0.0,0
5038,3.0,162.0,51.0,395.0,0,0,0,0,employee,0,0,0,0,0,0
459,3.0,132.0,330.0,2952.0,0,0,0,0,employee,0,0,0,0,0,0
659,5.0,105.0,4.0,55.0,0,0,0,0,employee,0,0,0,0,0,0
46,4.0,409.0,165.0,1497.0,0,0,0,0,employee,0,0,0,0,0,4
5339,1.0,2.0,41.0,305.0,1,0,0,1,temporary,0,2,2.0,0,0.0,0
1256,5.0,88.0,817.0,6765.0,3,0,1,1,employee,1,177,59.0,1907,0.0,0
3691,1.0,9.0,3.0,57.0,0,0,0,0,employee,0,0,0,0,0,0
4524,1.0,60.0,54.0,821.0,0,0,0,0,employee,0,0,0,0,0,2
560,4.0,211.0,124.0,826.0,1,0,1,0,employee,0,3,3.0,0,0.0,0
5510,2.0,7.0,88.0,1217.0,2,0,1,1,employee,0,64,32.0,0,0.0,0
1971,1.0,3.0,66.0,332.0,0,0,0,0,employee,0,0,0,0,0,0
2000,7.0,177.0,956.0,8556.0,1,0,0,1,employee,1,70,70.0,642,0.0,0
384,13.0,326.0,937.0,5352.0,1,0,0,1,employee,0,3,3.0,0,0.0,0
669,4.0,169.0,269.0,1758.0,5,0,1,1,employee,1,91,18.2,1321,0.0,0
4661,1.0,2.0,0.0,124.0,1,0,1,0,employee,0,2,2.0,0,0.0,0
4057,3.0,386.0,43.0,336.0,2,0,2,0,employee,0,15,7.5,0,0.0,0
443,6.0,197.0,447.0,2595.0,3,0,2,1,employee,0,9,3.0,0,0.0,0
2697,2.0,261.0,372.0,1971.0,2,0,2,0,employee,0,8,4.0,0,0.0,1
2428,1.0,41.0,206.0,2608.0,0,0,0,0,employee,0,0,0,0,0,0
710,12.0,165.0,651.0,4923.0,0,0,0,0,employee,0,0,0,0,0,0
1553,1.0,8.0,37.0,189.0,1,0,0,1,temporary,0,2,2.0,0,0.0,0
1271,4.0,36.0,462.0,4154.0,0,0,0,0,employee,0,0,0,0,0,0
4711,1.0,3.0,122.0,674.0,0,0,0,0,employee,0,0,0,0,0,0
2559,2.0,24.0,74.0,671.0,3,0,2,1,employee,0,31,10.333333333333334,0,0.0,0
519,9.0,441.0,341.0,3556.0,2,0,1,0,employee,1,174,87.0,895,0.0,2
1106,1.0,20.0,146.0,872.0,1,0,1,0,employee,0,6,6.0,0,0.0,0
4285,1.0,1.0,71.0,1089.0,1,0,0,1,employee,0,2,2.0,0,0.0,0
2555,2.0,45.0,73.0,673.0,2,0,1,1,employee,0,42,21.0,0,0.5,0
972,8.0,516.0,391.0,2864.0,2,0,1,1,employee,1,46,23.0,1321,0.0,0
698,4.0,136.0,28.0,253.0,0,0,0,0,employee,0,0,0,0,0,0
4593,6.0,230.0,148.0,982.0,1,0,0,1,employee,0,8,8.0,0,0.0,0
5443,2.0,120.0,96.0,466.0,0,0,0,0,employee,0,0,0,0,0,0
808,1.0,54.0,107.0,1704.0,0,0,0,0,employee,0,0,0,0,0,0
2253,1.0,2.0,4.0,57.0,4,0,2,1,employee,0,60,15.0,0,0.0,0
3229,2.0,4.0,201.0,2156.0,0,0,0,0,employee,0,0,0,0,0,0
2067,5.0,290.0,190.0,1443.0,1,0,0,1,employee,0,4,4.0,0,0.0,1
1623,1.0,103.0,249.0,1042.0,2,0,1,1,employee,0,8,4.0,0,0.0,0
122,3.0,68.0,406.0,3013.0,2,0,1,1,employee,0,5,2.5,0,0.0,0
2150,35.0,410.0,416.0,3693.0,0,0,0,0,employee,0,0,0,0,0,0
2872,1.0,27.0,-1.0,-7.0,0,0,0,0,employee,0,0,0,0,0,0
3829,1.0,2.0,23.0,265.0,0,0,0,0,employee,0,0,0,0,0,0
1127,2.0,180.0,105.0,802.0,3,0,2,1,employee,0,27,9.0,0,0.0,0
2207,1.0,22.0,11.0,261.0,3,0,1,1,employee,0,21,7.0,0,0.0,6
771,2.0,54.0,57.0,435.0,2,1,1,0,employee,0,7,3.5,0,0.0,0
3283,2.0,41.0,526.0,3411.0,0,0,0,0,employee,0,0,0,0,0,0
597,2.0,52.0,215.0,1214.0,2,0,2,0,employee,0,9,4.5,0,0.0,0
1,61.0,13604.0,1760.0,13664.0,0,0,0,0,employee,0,0,0,0,0,0
79,3.0,49.0,134.0,887.0,0,0,0,0,employee,0,0,0,0,0,0
4435,2.0,14.0,108.0,1171.0,1,0,0,1,employee,0,7,7.0,0,0.0,1
1174,1.0,19.0,144.0,835.0,0,0,0,0,employee,0,0,0,0,0,0
2177,63.0,2446.0,1847.0,21047.0,1,0,1,0,employee,0,2,2.0,0,0.0,1
59,3.0,104.0,518.0,4972.0,0,0,0,0,employee,0,0,0,0,0,0
254,8.0,191.0,733.0,5655.0,3,0,1,1,employee,1,32,10.666666666666666,559,0.0,0
3293,1.0,4.0,95.0,880.0,0,0,0,0,employee,0,0,0,0,0,0
4314,8.0,382.0,689.0,6484.0,1,0,0,1,employee,1,20,20.0,287,0.0,0
400,16.0,1540.0,572.0,4392.0,0,0,0,0,employee,0,0,0,0,0,0
589,3.0,81.0,268.0,1458.0,0,0,0,0,employee,0,0,0,0,0,0
2139,6.0,202.0,477.0,4996.0,2,0,1,1,employee,0,22,11.0,0,0.0,0
1129,48.0,2312.0,1736.0,14090.0,6,0,1,1,employee,1,51,8.5,136,4.0,24
383,8.0,164.0,752.0,5188.0,2,0,1,1,employee,0,10,5.0,0,0.0,0
720,2.0,72.0,232.0,1566.0,1,0,0,1,employee,0,2,2.0,0,0.0,0
4790,3.0,784.0,71.0,588.0,0,0,0,0,employee,0,0,0,0,0,0
2690,2.0,673.0,74.0,750.0,3,0,1,1,employee,0,17,5.666666666666667,0,0.0,5
277,9.0,1166.0,393.0,2625.0,1,0,1,0,employee,0,6,6.0,0,0.0,0
1633,3.0,76.0,455.0,2664.0,3,0,1,1,employee,0,22,7.333333333333333,0,0.0,0
1290,14.0,82.0,649.0,7382.0,0,0,0,0,employee,0,0,0,0,0,0
381,21.0,1869.0,1415.0,10217.0,6,0,2,1,employee,0,84,14.0,0,0.0,0
5535,1.0,2.0,14.0,248.0,0,0,0,0,employee,0,0,0,0,0,0
5260,1.0,31.0,38.0,274.0,0,0,0,0,employee,0,0,0,0,0,0
133,9.0,268.0,892.0,6986.0,0,0,0,0,employee,0,0,0,0,0,0
4627,12.0,304.0,712.0,4917.0,2,0,1,1,employee,0,55,27.5,0,0.0,0
239,14.0,558.0,633.0,4122.0,1,0,1,0,employee,0,2,2.0,0,0.0,1
1086,15.0,533.0,687.0,5987.0,5,2,1,1,employee,1,72,14.4,295,3.0,0
24,2.0,53.0,317.0,2747.0,0,0,0,0,employee,0,0,0,0,0,0
2022,1.0,8.0,47.0,335.0,0,0,0,0,employee,0,0,0,0,0,0
1604,2.0,102.0,253.0,1231.0,1,0,0,1,employee,0,3,3.0,0,0.0,0
5674,2.0,416.0,246.0,2201.0,0,0,0,0,employee,0,0,0,0,0,0
1123,2.0,1061.0,260.0,2004.0,2,0,2,0,employee,0,13,6.5,0,0.0,0
3000,4.0,161.0,293.0,2163.0,1,0,0,1,employee,0,19,19.0,0,0.0,0
1226,3.0,172.0,77.0,613.0,1,0,1,0,employee,0,2,2.0,0,0.0,0
1506,1.0,206.0,13.0,207.0,1,0,1,0,employee,0,2,2.0,0,0.0,0
255,4.0,60.0,139.0,941.0,3,0,2,1,employee,0,7,2.3333333333333335,0,0.0,0
1991,1.0,2.0,0.0,80.0,1,0,0,1,employee,0,2,2.0,0,0.0,0
1956,2.0,30.0,489.0,2771.0,0,0,0,0,employee,0,0,0,0,0,1
4144,11.0,191.0,344.0,2630.0,0,0,0,0,employee,0,0,0,0,0,0
1785,5.0,188.0,743.0,6913.0,1,0,0,1,employee,0,5,5.0,0,0.0,0
365,2.0,50.0,40.0,441.0,3,0,1,1,employee,0,14,4.666666666666667,0,0.3333333333333333,1
1270,10.0,225.0,1072.0,10779.0,13,0,2,1,employee,0,132,10.153846153846153,0,0.07692307692307693,2
2345,1.0,3.0,1.0,75.0,1,0,0,1,employee,0,3,3.0,0,0.0,3
1845,3.0,14.0,479.0,2716.0,3,0,1,1,employee,0,51,17.0,0,0.0,0
878,3.0,34.0,163.0,1789.0,2,0,1,1,employee,1,50,25.0,1321,0.0,0
4641,6.0,178.0,318.0,2925.0,0,0,0,0,employee,0,0,0,0,0,0
792,25.0,1419.0,1151.0,9883.0,7,0,1,1,employee,1,123,17.571428571428573,460,0.0,1
2750,2.0,616.0,42.0,618.0,6,0,2,1,employee,0,88,14.666666666666666,0,0.8333333333333334,7
2695,1.0,2.0,45.0,302.0,1,0,1,0,employee,0,2,2.0,0,0.0,0
2189,2.0,15.0,243.0,1750.0,0,0,0,0,employee,0,0,0,0,0,0
49,15.0,1016.0,892.0,6098.0,3,0,1,1,employee,1,28,9.333333333333334,506,0.0,0
3033,2.0,11.0,112.0,924.0,0,0,0,0,employee,0,0,0,0,0,0
439,1.0,72.0,71.0,367.0,1,0,1,0,employee,0,2,2.0,0,0.0,0
517,5.0,98.0,182.0,1654.0,1,0,1,0,employee,0,2,2.0,0,0.0,0
376,1.0,8.0,51.0,337.0,2,0,1,1,employee,0,7,3.5,0,0.0,0
2617,2.0,38.0,69.0,605.0,3,0,1,1,employee,1,33,11.0,56,0.3333333333333333,2
2587,4.0,48.0,428.0,4544.0,2,2,0,0,employee,0,112,56.0,0,489.5,0
4078,3.0,239.0,21.0,242.0,4,0,1,1,employee,2,61,15.25,331,0.25,0
4517,8.0,122.0,425.0,2715.0,0,0,0,0,employee,0,0,0,0,0,0
4642,3.0,24.0,120.0,887.0,0,0,0,0,employee,0,0,0,0,0,0
1621,2.0,397.0,323.0,1757.0,4,0,1,1,employee,0,11,2.75,0,0.0,0
765,2.0,12.0,89.0,1061.0,1,1,0,0,employee,0,2,2.0,0,0.0,0
761,9.0,252.0,242.0,2113.0,5,0,2,1,employee,0,42,8.4,0,0.0,0
552,5.0,383.0,296.0,1988.0,0,0,0,0,employee,0,0,0,0,0,0
3207,9.0,444.0,400.0,3038.0,7,0,1,1,employee,0,239,34.142857142857146,0,1.7142857142857142,5
39,7.0,604.0,157.0,1517.0,1,0,1,0,employee,0,4,4.0,0,0.0,0
4908,5.0,14.0,767.0,8674.0,0,0,0,0,employee,0,0,0,0,0,4
663,4.0,133.0,167.0,1217.0,2,0,1,1,employee,1,45,22.5,1321,0.0,0
4662,11.0,181.0,524.0,4522.0,0,0,0,0,employee,0,0,0,0,0,0
1273,8.0,25.0,110.0,1316.0,1,0,0,1,employee,0,2,2.0,0,0.0,0
1259,3.0,61.0,399.0,3371.0,9,4,3,1,employee,2,284,31.555555555555557,1805,199.22222222222223,0
5121,18.0,182.0,1200.0,15904.0,2,0,1,1,employee,0,14,7.0,0,1.0,0
4978,1.0,3.0,83.0,1580.0,0,0,0,0,employee,0,0,0,0,0,0
141,3.0,98.0,454.0,4386.0,0,0,0,0,employee,0,0,0,0,0,0
2109,2.0,12.0,21.0,145.0,0,0,0,0,employee,0,0,0,0,0,0
1357,2.0,41.0,103.0,881.0,1,0,1,0,employee,0,10,10.0,0,0.0,0
1569,2.0,22.0,181.0,2075.0,0,0,0,0,employee,0,0,0,0,0,0
1475,1.0,12.0,47.0,294.0,5,0,2,1,employee,0,28,5.6,0,0.2,1
5267,1.0,13.0,40.0,287.0,0,0,0,0,employee,0,0,0,0,0,0
1117,4.0,37.0,216.0,2215.0,0,0,0,0,employee,0,0,0,0,0,0
3091,2.0,172.0,25.0,235.0,0,0,0,0,employee,0,0,0,0,0,0
730,13.0,299.0,720.0,5113.0,1,0,1,0,employee,0,3,3.0,0,0.0,0
339,2.0,4.0,183.0,2103.0,3,0,2,1,employee,0,18,6.0,0,0.6666666666666666,3
806,4.0,32.0,286.0,2334.0,3,0,1,1,employee,0,13,4.333333333333333,0,0.0,0
3015,4.0,30.0,592.0,4073.0,1,0,0,1,employee,0,7,7.0,0,0.0,0
107,2.0,49.0,96.0,533.0,1,0,0,1,employee,0,2,2.0,0,0.0,0
935,43.0,186.0,2029.0,16597.0,3,0,1,1,employee,4,129,43.0,3038,0.0,0
504,7.0,142.0,75.0,742.0,1,0,1,0,employee,0,2,2.0,0,0.0,0
2162,5.0,712.0,552.0,2673.0,3,0,1,1,employee,3,62,20.666666666666668,2,0.0,0
4630,3.0,59.0,349.0,5205.0,1,0,1,0,employee,0,4,4.0,0,0.0,0
4555,8.0,95.0,1507.0,16187.0,0,0,0,0,employee,0,0,0,0,0,0
101,14.0,349.0,1468.0,10137.0,0,0,0,0,employee,0,0,0,0,0,0
237,4.0,201.0,77.0,584.0,3,0,2,1,employee,0,10,3.3333333333333335,0,0.0,0
4471,1.0,2.0,79.0,1480.0,0,0,0,0,employee,0,0,0,0,0,2
2020,4.0,237.0,386.0,3700.0,1,0,1,0,employee,0,7,7.0,0,0.0,0
1835,8.0,93.0,572.0,5856.0,1,0,0,1,employee,0,2,2.0,0,0.0,5
482,1.0,40.0,109.0,681.0,1,0,1,0,employee,0,6,6.0,0,0.0,0
2250,4.0,108.0,308.0,3701.0,1,0,1,0,employee,0,3,3.0,0,0.0,0
4735,1.0,15.0,16.0,332.0,1,0,1,0,employee,0,3,3.0,0,0.0,0
3285,3.0,14.0,146.0,1189.0,2,0,1,1,employee,0,7,3.5,0,0.0,0
738,4.0,20.0,172.0,911.0,1,0,1,0,employee,0,3,3.0,0,0.0,0
2992,7.0,76.0,799.0,7923.0,4,1,0,1,employee,0,25,6.25,0,4.0,0
2868,2.0,7.0,74.0,392.0,1,0,0,1,employee,0,2,2.0,0,0.0,0
2758,3.0,27.0,331.0,4391.0,0,0,0,0,employee,0,0,0,0,0,0
89,5.0,82.0,285.0,1848.0,1,0,0,1,employee,1,3,3.0,182,0.0,0
2094,7.0,70.0,522.0,5376.0,1,0,1,0,employee,1,18,18.0,151,0.0,0
2863,1.0,7.0,15.0,162.0,7,1,1,1,employee,0,197,28.142857142857142,0,0.0,0
728,8.0,52.0,707.0,5328.0,2,0,1,0,employee,0,7,3.5,0,0.0,0
1102,11.0,3594.0,1184.0,11395.0,4,0,1,1,employee,0,41,10.25,0,0.25,2
549,4.0,36.0,189.0,2243.0,2,0,1,0,employee,0,10,5.0,0,0.0,0
973,3.0,168.0,112.0,962.0,2,0,1,1,employee,1,50,25.0,1321,0.0,1
2430,1.0,2.0,50.0,258.0,0,0,0,0,employee,0,0,0,0,0,0
1617,3.0,255.0,66.0,605.0,1,0,0,1,employee,0,3,3.0,0,0.0,0
4772,1.0,85.0,81.0,1568.0,0,0,0,0,employee,0,0,0,0,0,0
2186,2.0,133.0,70.0,484.0,1,0,0,1,employee,0,8,8.0,0,0.0,0
2727,5.0,84.0,243.0,2119.0,0,0,0,0,employee,0,0,0,0,0,1
47,2.0,42.0,328.0,2889.0,0,0,0,0,employee,0,0,0,0,0,0
556,3.0,109.0,178.0,1051.0,1,0,1,0,employee,0,9,9.0,0,0.0,0
1167,4.0,23.0,120.0,872.0,1,0,1,0,employee,0,3,3.0,0,0.0,2
4519,14.0,103.0,843.0,6008.0,0,0,0,0,employee,0,0,0,0,0,0
2875,5.0,35.0,222.0,1672.0,0,0,0,0,employee,0,0,0,0,0,0
4464,5.0,208.0,188.0,1297.0,0,0,0,0,employee,0,0,0,0,0,0
877,1.0,3.0,97.0,528.0,2,0,1,1,employee,1,57,28.5,1505,0.0,0
2111,10.0,60.0,613.0,4410.0,0,0,0,0,employee,0,0,0,0,0,0
4827,4.0,1017.0,411.0,4200.0,0,0,0,0,employee,0,0,0,0,0,0
913,3.0,46.0,130.0,1675.0,1,0,1,0,employee,0,2,2.0,0,0.0,0
2664,18.0,1274.0,781.0,5149.0,1,0,1,0,employee,0,9,9.0,0,0.0,0
3139,2.0,43.0,151.0,976.0,8,0,2,1,employee,0,120,15.0,0,0.0,0
940,1.0,2.0,165.0,900.0,0,0,0,0,employee,0,0,0,0,0,0
508,4.0,215.0,104.0,808.0,1,0,1,0,employee,0,4,4.0,0,0.0,0
976,7.0,453.0,37.0,459.0,6,1,1,1,temporary,0,82,13.666666666666666,0,2.6666666666666665,18
619,17.0,671.0,873.0,5643.0,1,0,1,0,employee,0,7,7.0,0,0.0,0
4118,20.0,1285.0,1069.0,8338.0,0,0,0,0,employee,0,0,0,0,0,0
637,4.0,60.0,98.0,1055.0,3,0,1,1,employee,0,15,5.0,0,0.0,0
1492,1.0,2.0,0.0,56.0,0,0,0,0,employee,0,0,0,0,0,0
60,110.0,3779.0,2360.0,18956.0,0,0,0,0,employee,0,0,0,0,0,0
704,10.0,205.0,649.0,4508.0,2,0,1,1,employee,0,6,3.0,0,0.0,0
4521,1.0,4.0,75.0,407.0,2,0,1,1,employee,0,11,5.5,0,0.0,0
889,1.0,62.0,3.0,63.0,3,0,1,1,employee,2,67,22.333333333333332,1609,0.0,0
218,1.0,2.0,24.0,408.0,0,0,0,0,employee,0,0,0,0,0,0
3149,4.0,182.0,17.0,85.0,5,1,2,1,temporary,0,121,24.2,0,0.2,1
2388,3.0,223.0,339.0,2855.0,5,1,1,1,employee,0,45,9.0,0,10.6,8
1276,5.0,113.0,554.0,5618.0,1,0,1,0,employee,0,10,10.0,0,0.0,0
2692,2.0,21.0,524.0,4434.0,1,0,1,0,employee,0,4,4.0,0,0.0,0
1858,1.0,18.0,10.0,92.0,0,0,0,0,employee,0,0,0,0,0,0
826,2.0,30.0,337.0,3194.0,0,0,0,0,employee,0,0,0,0,0,0
981,2.0,7.0,176.0,1383.0,0,0,0,0,employee,0,0,0,0,0,0
2024,2.0,10.0,40.0,504.0,0,0,0,0,employee,0,0,0,0,0,0
263,79.0,2197.0,1813.0,15692.0,3,0,2,1,employee,0,14,4.666666666666667,0,0.3333333333333333,1
3603,1.0,2.0,0.0,0.0,1,0,0,1,employee,0,2,2.0,0,0.0,0
4518,1.0,46.0,176.0,698.0,0,0,0,0,employee,0,0,0,0,0,0
1231,8.0,64.0,324.0,3939.0,0,0,0,0,employee,0,0,0,0,0,0
1269,1.0,11.0,103.0,517.0,0,0,0,0,employee,0,0,0,0,0,0
523,13.0,468.0,635.0,5202.0,4,0,1,1,employee,1,62,15.5,786,0.0,0
5555,2.0,6.0,308.0,4275.0,0,0,0,0,employee,0,0,0,0,0,0
2377,1.0,2.0,142.0,1516.0,0,0,0,0,employee,0,0,0,0,0,0
309,6.0,96.0,346.0,2217.0,1,0,1,0,employee,0,2,2.0,0,0.0,0
423,5.0,688.0,228.0,1741.0,5,0,1,1,employee,0,50,10.0,0,0.0,0
629,5.0,191.0,179.0,1250.0,2,0,1,1,employee,0,7,3.5,0,0.0,0
366,3.0,355.0,173.0,1330.0,3,0,1,1,employee,0,20,6.666666666666667,0,0.0,0
809,2.0,498.0,239.0,1759.0,0,0,0,0,employee,0,0,0,0,0,0
2149,168.0,4121.0,6360.0,54494.0,1,0,0,1,employee,0,12,12.0,0,0.0,0
2086,2.0,437.0,0.0,0.0,0,0,0,0,employee,0,0,0,0,0,0
3018,1.0,2.0,10.0,127.0,0,0,0,0,employee,0,0,0,0,0,0
4326,9.0,249.0,874.0,6499.0,0,0,0,0,employee,0,0,0,0,0,0
3332,22.0,56.0,1032.0,6314.0,0,0,0,0,employee,0,0,0,0,0,0
539,2.0,17.0,207.0,2221.0,3,1,1,1,employee,0,12,4.0,0,0.0,0
3960,3.0,98.0,182.0,1996.0,1,0,1,0,employee,0,10,10.0,0,0.0,4
4376,8.0,251.0,914.0,10991.0,2,0,1,1,employee,0,29,14.5,0,2.5,6
496,4.0,203.0,198.0,1521.0,1,0,1,0,employee,0,32,32.0,0,0.0,0
3092,2.0,16.0,6.0,139.0,0,0,0,0,employee,0,0,0,0,0,0
4684,3.0,16.0,204.0,1753.0,0,0,0,0,employee,0,0,0,0,0,0
4466,1.0,8.0,37.0,315.0,0,0,0,0,employee,0,0,0,0,0,0
174,1.0,71.0,5.0,72.0,1,0,1,0,employee,1,48,48.0,936,0.0,0
906,1.0,1.0,8.0,102.0,1,0,0,1,employee,0,3,3.0,0,0.0,0
5415,1.0,28.0,177.0,2661.0,1,0,0,1,employee,0,4,4.0,0,0.0,0
2673,2.0,8.0,205.0,1384.0,6,0,2,1,employee,0,141,23.5,0,0.16666666666666666,3
231,1.0,63.0,57.0,402.0,2,0,1,0,employee,1,52,26.0,936,0.0,0
1851,4.0,80.0,903.0,6427.0,2,0,0,1,employee,0,4,2.0,0,0.0,0
4550,3.0,588.0,59.0,354.0,4,0,2,1,employee,1,153,38.25,343,0.0,7
406,1.0,10.0,116.0,690.0,2,0,1,1,employee,0,7,3.5,0,0.0,0
2062,2.0,67.0,65.0,849.0,1,0,1,0,employee,0,2,2.0,0,0.0,0
118,5.0,167.0,252.0,1531.0,1,0,0,1,employee,0,4,4.0,0,0.0,0
784,14.0,373.0,1253.0,11442.0,5,0,2,1,employee,0,54,10.8,0,0.0,0
1144,3.0,515.0,45.0,664.0,1,0,1,0,employee,0,2,2.0,0,0.0,0
425,1.0,32.0,17.0,354.0,1,0,1,0,employee,0,2,2.0,0,0.0,0
2689,2.0,82.0,139.0,1378.0,2,0,1,1,employee,0,18,9.0,0,0.0,0
2708,1.0,2.0,359.0,1856.0,2,0,1,1,employee,0,19,9.5,0,0.0,0
752,7.0,131.0,700.0,5727.0,2,0,1,1,employee,0,21,10.5,0,0.5,1
4137,5.0,113.0,856.0,9763.0,0,0,0,0,employee,0,0,0,0,0,0
96,56.0,29554.0,2436.0,18421.0,4,0,2,1,employee,0,14,3.5,0,0.0,0
382,20.0,850.0,1175.0,7977.0,1,0,1,0,employee,0,6,6.0,0,0.0,0
2353,4.0,353.0,37.0,669.0,5,2,1,1,employee,0,44,8.8,0,0.2,0
4922,2.0,38.0,328.0,4243.0,0,0,0,0,employee,0,0,0,0,0,0
4513,1.0,45.0,7.0,172.0,0,0,0,0,employee,0,0,0,0,0,0
1888,1.0,4.0,383.0,3415.0,0,0,0,0,employee,0,0,0,0,0,0
88,16.0,521.0,954.0,6727.0,0,0,0,0,employee,0,0,0,0,0,0
3120,2.0,34.0,187.0,1929.0,2,0,0,1,employee,0,17,8.5,0,0.0,2
3350,2.0,28.0,84.0,573.0,0,0,0,0,employee,0,0,0,0,0,0
302,4.0,139.0,446.0,3558.0,2,0,1,1,employee,0,8,4.0,0,0.0,0
509,5.0,168.0,61.0,623.0,2,0,2,0,employee,0,10,5.0,0,0.0,0
3029,8.0,59.0,372.0,4213.0,0,0,0,0,employee,0,0,0,0,0,0
3137,1.0,34.0,395.0,3819.0,2,0,1,1,employee,0,39,19.5,0,0.0,0
2751,4.0,29.0,563.0,3672.0,3,0,1,1,employee,0,36,12.0,0,0.0,3
1205,3.0,24.0,186.0,1164.0,0,0,0,0,employee,0,0,0,0,0,0
4142,4.0,219.0,259.0,1359.0,1,0,1,0,employee,0,6,6.0,0,0.0,0
1896,1.0,7.0,70.0,375.0,1,1,0,0,employee,0,3,3.0,0,0.0,0
2088,2.0,43.0,496.0,4087.0,0,0,0,0,employee,0,0,0,0,0,0
2744,2.0,296.0,26.0,298.0,2,0,2,0,employee,0,9,4.5,0,0.0,1
577,1.0,5.0,43.0,283.0,1,0,1,0,employee,0,2,2.0,0,0.0,0
2710,1.0,73.0,101.0,834.0,0,0,0,0,employee,0,0,0,0,0,0
4663,5.0,95.0,148.0,895.0,1,0,1,0,employee,0,15,15.0,0,0.0,0
4688,1.0,15.0,69.0,389.0,0,0,0,0,employee,0,0,0,0,0,0
712,3.0,37.0,251.0,2567.0,1,0,1,0,employee,0,2,2.0,0,0.0,0
707,9.0,239.0,930.0,9060.0,1,0,1,0,employee,0,2,2.0,0,0.0,0
684,50.0,5174.0,1366.0,10252.0,2,0,2,0,employee,0,8,4.0,0,1.0,2
1189,10.0,627.0,687.0,6381.0,3,0,1,1,employee,0,63,21.0,0,3.3333333333333335,12
299,9.0,561.0,526.0,3417.0,3,0,1,1,employee,0,15,5.0,0,0.0,1
502,3.0,31.0,457.0,3757.0,2,0,1,1,employee,0,32,16.0,0,0.0,0
696,1.0,71.0,104.0,1636.0,1,0,1,0,employee,0,4,4.0,0,0.0,0
1982,3.0,460.0,97.0,776.0,1,0,1,0,employee,0,2,2.0,0,0.0,0
4754,3.0,30.0,235.0,1089.0,0,0,0,0,employee,0,0,0,0,0,0
2957,2.0,96.0,436.0,4686.0,0,0,0,0,employee,0,0,0,0,0,0
1353,2.0,63.0,67.0,665.0,1,0,1,0,employee,0,2,2.0,0,0.0,0
718,6.0,34.0,750.0,6734.0,2,0,2,0,employee,0,4,2.0,0,0.0,0
4482,1.0,8.0,79.0,1475.0,1,0,0,1,employee,0,1,1.0,0,0.0,0
40,1.0,2.0,29.0,172.0,0,0,0,0,employee,0,0,0,0,0,0
548,3.0,81.0,83.0,879.0,1,0,1,0,employee,0,4,4.0,0,0.0,0
1500,1.0,110.0,32.0,187.0,1,0,1,0,employee,0,2,2.0,0,0.0,0
1507,1.0,13.0,85.0,709.0,1,0,1,0,employee,0,2,2.0,0,0.0,0
2539,4.0,42.0,199.0,1490.0,1,0,1,0,employee,0,2,2.0,0,0.0,0
559,1.0,42.0,9.0,102.0,1,0,1,0,employee,0,4,4.0,0,0.0,0
588,4.0,74.0,0.0,319.0,1,0,1,0,employee,0,7,7.0,0,0.0,0
1498,2.0,90.0,179.0,1911.0,3,0,1,0,employee,0,23,7.666666666666667,0,0.0,0
3237,1.0,105.0,0.0,0.0,0,0,0,0,employee,0,0,0,0,0,0
142,10.0,412.0,540.0,3612.0,4,0,1,1,employee,0,22,5.5,0,0.0,0
1223,2.0,58.0,506.0,5440.0,0,0,0,0,employee,0,0,0,0,0,0
93,2.0,44.0,359.0,2881.0,1,0,1,0,employee,0,3,3.0,0,0.0,0
1936,3.0,40.0,10.0,263.0,0,0,0,0,employee,0,0,0,0,0,0
1262,1.0,8.0,103.0,516.0,0,0,0,0,employee,0,0,0,0,0,0
165,3.0,118.0,18.0,165.0,1,0,0,1,employee,0,2,2.0,0,0.0,0
67,25.0,436.0,1183.0,7360.0,1,0,0,1,employee,1,29,29.0,288,0.0,0
1247,5.0,104.0,150.0,1590.0,1,0,1,0,employee,0,2,2.0,0,0.0,0
4445,2.0,17.0,139.0,1119.0,0,0,0,0,employee,0,0,0,0,0,3
3005,6.0,509.0,393.0,3300.0,0,0,0,0,employee,0,0,0,0,0,5
1168,1.0,4.0,15.0,168.0,2,0,2,0,employee,0,64,32.0,0,0.0,0
243,1.0,3.0,77.0,405.0,0,0,0,0,employee,0,0,0,0,0,0
1669,6.0,107.0,219.0,1773.0,3,0,1,1,employee,1,13,4.333333333333333,187,0.0,0
4660,4.0,84.0,168.0,1214.0,0,0,0,0,employee,0,0,0,0,0,0
478,4.0,481.0,77.0,626.0,3,0,1,1,employee,0,20,6.666666666666667,0,0.0,0
87,3.0,378.0,135.0,947.0,1,0,1,0,employee,0,6,6.0,0,0.0,0
1659,2.0,9.0,149.0,1019.0,0,0,0,0,employee,0,0,0,0,0,0
558,1.0,286.0,28.0,516.0,1,0,1,0,employee,0,2,2.0,0,0.0,0
4626,7.0,292.0,393.0,2605.0,1,0,0,1,employee,0,14,14.0,0,0.0,0
1073,2.0,65.0,121.0,716.0,1,0,1,0,employee,0,10,10.0,0,0.0,4
1491,1.0,103.0,85.0,707.0,1,0,1,0,employee,0,3,3.0,0,0.0,0
4507,5.0,32.0,347.0,2639.0,0,0,0,0,employee,0,0,0,0,0,0
5109,6.0,20.0,854.0,10934.0,0,0,0,0,employee,0,0,0,0,0,0
2176,11.0,599.0,1049.0,11516.0,2,0,1,1,employee,0,36,18.0,0,0.0,0
2251,2.0,30.0,95.0,653.0,1,0,1,0,employee,0,2,2.0,0,0.0,0
1249,3.0,169.0,152.0,1368.0,4,0,2,1,employee,0,47,11.75,0,0.0,0
2974,8.0,86.0,737.0,7185.0,0,0,0,0,employee,0,0,0,0,0,0
4316,1.0,18.0,97.0,832.0,0,0,0,0,employee,0,0,0,0,0,0
1171,2.0,41.0,410.0,3690.0,2,0,0,1,employee,0,6,3.0,0,0.0,0
1878,1.0,35.0,16.0,199.0,3,0,1,1,employee,0,26,8.666666666666666,0,0.0,0
510,7.0,588.0,278.0,2076.0,7,0,1,1,employee,1,90,12.857142857142858,171,0.42857142857142855,4
1283,2.0,101.0,76.0,527.0,2,0,1,1,employee,0,16,8.0,0,0.0,0
5509,2.0,23.0,7.0,100.0,0,0,0,0,employee,0,0,0,0,0,0
530,3.0,828.0,151.0,911.0,2,0,1,1,employee,1,49,24.5,1132,0.0,0
3058,1.0,52.0,162.0,1491.0,0,0,0,0,employee,0,0,0,0,0,0
486,4.0,176.0,360.0,3108.0,2,0,1,1,employee,0,22,11.0,0,0.0,0
474,2.0,65.0,432.0,3423.0,0,0,0,0,employee,0,0,0,0,0,0
464,1.0,2.0,83.0,446.0,3,0,1,1,employee,0,10,3.3333333333333335,0,0.0,0
594,3.0,916.0,160.0,925.0,3,0,1,1,employee,0,19,6.333333333333333,0,0.0,0
2666,25.0,127.0,1656.0,12365.0,1,0,1,0,employee,0,2,2.0,0,0.0,5
4463,9.0,899.0,0.0,0.0,4,0,1,1,employee,0,83,20.75,0,4.25,0
1499,1.0,12.0,34.0,289.0,5,0,2,1,employee,0,46,9.2,0,0.0,0
1817,2.0,14.0,146.0,808.0,4,1,1,1,employee,0,28,7.0,0,0.0,0
2181,2.0,7.0,50.0,382.0,0,0,0,0,employee,0,0,0,0,0,0
2823,3.0,505.0,165.0,1139.0,6,0,2,1,employee,0,50,8.333333333333334,0,13.333333333333334,1
788,12.0,225.0,1114.0,8691.0,1,0,1,0,employee,1,13,13.0,96,0.0,0
2852,22.0,214.0,718.0,5452.0,7,0,3,1,employee,0,298,42.57142857142857,0,0.5714285714285714,1
1980,1.0,57.0,156.0,1998.0,2,0,1,1,employee,0,9,4.5,0,0.0,1
2865,17.0,1389.0,721.0,5095.0,2,0,1,0,employee,0,13,6.5,0,0.5,1
603,1.0,17.0,97.0,1595.0,1,0,1,0,employee,0,3,3.0,0,0.0,0
554,5.0,225.0,242.0,1729.0,1,0,1,0,employee,0,2,2.0,0,0.0,0
2087,5.0,84.0,215.0,1654.0,0,0,0,0,employee,0,0,0,0,0,0
4068,1.0,14.0,22.0,294.0,0,0,0,0,employee,0,0,0,0,0,4
641,1.0,141.0,20.0,142.0,0,0,0,0,employee,0,0,0,0,0,0
1162,11.0,216.0,589.0,4527.0,2,0,2,0,employee,0,49,24.5,0,0.0,0
617,1.0,10.0,74.0,536.0,0,0,0,0,employee,0,0,0,0,0,0
1093,4.0,117.0,20.0,198.0,2,0,0,1,employee,0,5,2.5,0,0.0,0
415,12.0,353.0,495.0,4222.0,1,0,1,0,employee,0,4,4.0,0,0.0,0
1176,1.0,1.0,144.0,835.0,0,0,0,0,employee,0,0,0,0,0,0
430,6.0,138.0,807.0,6697.0,3,0,1,1,employee,0,46,15.333333333333334,0,0.0,0
16,2.0,55.0,315.0,2647.0,0,0,0,0,employee,0,0,0,0,0,0
1252,4.0,226.0,535.0,5189.0,1,0,1,0,employee,0,2,2.0,0,0.0,0
1472,2.0,17.0,169.0,1209.0,0,0,0,0,employee,0,0,0,0,0,0
3212,1.0,4.0,222.0,3054.0,0,0,0,0,employee,0,0,0,0,0,0
492,5.0,161.0,64.0,687.0,1,0,1,0,employee,0,4,4.0,0,0.0,0
453,2.0,278.0,39.0,280.0,12,0,2,1,employee,3,188,15.666666666666666,3092,0.0,0
2702,2.0,13.0,123.0,743.0,2,0,0,1,employee,0,26,13.0,0,0.0,0
1529,3.0,89.0,336.0,3320.0,1,0,0,1,employee,0,2,2.0,0,0.0,0
390,6.0,96.0,343.0,1998.0,1,0,1,0,employee,0,3,3.0,0,0.0,0
3410,10.0,343.0,374.0,3112.0,4,0,3,1,employee,0,45,11.25,0,0.0,2
1596,3.0,104.0,371.0,3401.0,5,0,1,1,employee,0,344,68.8,0,0.6,4
4690,16.0,90.0,1201.0,16577.0,0,0,0,0,employee,0,0,0,0,0,0
72,9.0,237.0,486.0,3625.0,1,0,0,1,employee,1,3,3.0,182,0.0,0
3089,1.0,8.0,20.0,146.0,1,0,0,1,employee,0,3,3.0,0,0.0,0
204,5.0,88.0,466.0,2379.0,1,0,1,0,employee,0,10,10.0,0,0.0,1
4388,1.0,2.0,49.0,435.0,1,0,0,1,employee,0,2,2.0,0,0.0,0
1316,1.0,2.0,168.0,1074.0,0,0,0,0,employee,0,0,0,0,0,0
1716,3.0,34.0,173.0,1313.0,0,0,0,0,employee,0,0,0,0,0,0
1876,7.0,315.0,233.0,1709.0,1,0,0,1,employee,0,5,5.0,0,0.0,0
1987,1.0,2.0,3.0,63.0,0,0,0,0,employee,0,0,0,0,0,0
571,29.0,424.0,1313.0,10082.0,0,0,0,0,employee,0,0,0,0,0,0
1781,13.0,162.0,1224.0,14113.0,0,0,0,0,employee,0,0,0,0,0,0
1488,17.0,282.0,771.0,6238.0,1,0,1,0,employee,0,4,4.0,0,0.0,1
2639,15.0,858.0,1205.0,11001.0,3,0,2,0,employee,0,48,16.0,0,0.0,1
545,25.0,499.0,1200.0,8819.0,2,0,1,1,employee,1,41,20.5,1133,0.0,0
1193,5.0,406.0,151.0,1376.0,7,0,2,1,employee,0,75,10.714285714285714,0,0.0,0
1580,2.0,4.0,129.0,995.0,0,0,0,0,employee,0,0,0,0,0,0
2008,9.0,91.0,635.0,5258.0,2,0,1,0,employee,0,20,10.0,0,0.0,0
2955,4.0,19.0,351.0,2400.0,3,0,1,1,employee,0,48,16.0,0,0.0,0
1010,1.0,33.0,345.0,3283.0,0,0,0,0,employee,0,0,0,0,0,5
1293,1.0,28.0,146.0,900.0,0,0,0,0,employee,0,0,0,0,0,0
546,3.0,33.0,126.0,707.0,0,0,0,0,employee,0,0,0,0,0,0
4072,1.0,8.0,48.0,493.0,0,0,0,0,employee,0,0,0,0,0,2
2043,1.0,20.0,163.0,2145.0,0,0,0,0,employee,0,0,0,0,0,0
3059,4.0,91.0,428.0,5052.0,0,0,0,0,employee,0,0,0,0,0,3
4460,1.0,2.0,53.0,767.0,0,0,0,0,employee,0,0,0,0,0,1
744,15.0,631.0,798.0,6657.0,4,0,2,1,employee,0,22,5.5,0,0.0,0
4623,7.0,153.0,477.0,2997.0,0,0,0,0,employee,0,0,0,0,0,0
4659,1.0,1.0,178.0,1094.0,0,0,0,0,employee,0,0,0,0,0,0
92,1.0,6.0,254.0,2354.0,0,0,0,0,employee,0,0,0,0,0,0
1849,2.0,3.0,481.0,2719.0,1,0,0,1,employee,0,2,2.0,0,0.0,0
2615,1.0,2.0,1.0,63.0,0,0,0,0,employee,0,0,0,0,0,0
2659,2.0,81.0,524.0,4414.0,2,0,1,1,employee,0,28,14.0,0,0.0,0
3030,3.0,46.0,308.0,3500.0,0,0,0,0,employee,0,0,0,0,0,0
234,2.0,14.0,193.0,908.0,3,0,1,1,employee,1,52,17.333333333333332,936,0.0,0
1650,3.0,71.0,335.0,1620.0,2,0,1,0,employee,0,10,5.0,0,0.0,0
1629,4.0,232.0,469.0,2747.0,2,0,1,1,employee,0,7,3.5,0,0.0,0
4488,1.0,42.0,250.0,3597.0,2,0,1,1,employee,0,31,15.5,0,0.0,0
283,8.0,246.0,290.0,2645.0,3,0,2,0,employee,1,32,10.666666666666666,136,0.0,0
882,1.0,15.0,135.0,789.0,1,0,0,1,employee,0,2,2.0,0,0.0,0
4494,2.0,46.0,66.0,506.0,0,0,0,0,employee,0,0,0,0,0,0
4740,1.0,6.0,54.0,811.0,0,0,0,0,employee,0,0,0,0,0,0
2643,1.0,3.0,38.0,403.0,0,0,0,0,employee,0,0,0,0,0,0
1315,2.0,244.0,292.0,2289.0,2,0,1,1,employee,0,5,2.5,0,0.0,0
1186,2.0,38.0,77.0,800.0,2,0,1,1,employee,0,5,2.5,0,0.0,0
872,1.0,62.0,16.0,124.0,2,0,1,1,employee,0,10,5.0,0,0.0,0
147,1.0,3.0,43.0,292.0,0,0,0,0,employee,0,0,0,0,0,0
766,3.0,25.0,126.0,1445.0,1,0,0,1,employee,0,4,4.0,0,0.0,0
5325,1.0,106.0,22.0,417.0,6,0,2,1,employee,2,206,34.333333333333336,2254,1.0,7
4069,1.0,47.0,70.0,1066.0,1,0,0,1,employee,0,2,2.0,0,0.0,4
1057,8.0,89.0,542.0,4337.0,1,0,0,1,employee,0,2,2.0,0,0.0,0
1267,6.0,71.0,343.0,2419.0,4,0,1,1,employee,1,115,28.75,3599,0.0,0
2102,1.0,6.0,12.0,95.0,0,0,0,0,employee,0,0,0,0,0,0
812,1.0,1.0,25.0,228.0,0,0,0,0,employee,0,0,0,0,0,0
719,12.0,109.0,1035.0,7324.0,0,0,0,0,employee,0,0,0,0,0,0
1555,2.0,75.0,151.0,942.0,2,0,1,1,employee,0,72,36.0,0,0.0,17
1863,3.0,39.0,289.0,2010.0,1,0,0,1,employee,0,2,2.0,0,0.0,0
1720,2.0,19.0,101.0,874.0,0,0,0,0,employee,0,0,0,0,0,0
969,2.0,203.0,48.0,535.0,3,1,1,1,employee,0,19,6.333333333333333,0,10.0,52
2661,2.0,26.0,215.0,2767.0,0,0,0,0,employee,0,0,0,0,0,0
2494,1.0,81.0,88.0,492.0,7,0,1,1,employee,3,167,23.857142857142858,1656,0.14285714285714285,2
3218,5.0,300.0,210.0,1499.0,0,0,0,0,employee,0,0,0,0,0,0
148,2.0,151.0,217.0,1255.0,0,0,0,0,employee,0,0,0,0,0,0
884,3.0,45.0,97.0,701.0,0,0,0,0,employee,0,0,0,0,0,0
4525,2.0,4.0,140.0,1430.0,1,0,0,1,employee,0,3,3.0,0,0.0,2
4504,1.0,19.0,74.0,1147.0,0,0,0,0,employee,0,0,0,0,0,0
1233,2.0,44.0,72.0,705.0,0,0,0,0,employee,0,0,0,0,0,0
428,6.0,601.0,213.0,2070.0,5,1,2,1,employee,0,110,22.0,0,0.0,1
3241,2.0,50.0,62.0,588.0,1,0,0,1,employee,0,5,5.0,0,0.0,0
3326,4.0,28.0,298.0,2495.0,0,0,0,0,employee,0,0,0,0,0,0
2126,11.0,364.0,610.0,5179.0,1,0,1,0,employee,0,2,2.0,0,0.0,1
2871,13.0,266.0,410.0,3394.0,0,0,0,0,employee,0,0,0,0,0,0
2082,4.0,716.0,62.0,656.0,1,0,0,1,employee,0,2,2.0,0,0.0,2
3263,2.0,64.0,239.0,3200.0,0,0,0,0,employee,0,0,0,0,0,0
842,1.0,47.0,82.0,416.0,2,0,2,0,employee,1,120,60.0,1471,0.0,0
1217,1.0,637.0,21.0,349.0,0,0,0,0,employee,0,0,0,0,0,0
1786,3.0,37.0,542.0,4247.0,2,0,1,0,employee,0,5,2.5,0,0.0,0
3080,6.0,282.0,327.0,3262.0,0,0,0,0,employee,0,0,0,0,0,4
2864,1.0,19.0,53.0,288.0,0,0,0,0,employee,0,0,0,0,0,0
868,2.0,41.0,124.0,1549.0,0,0,0,0,employee,0,0,0,0,0,0
233,5.0,69.0,400.0,3399.0,3,0,1,1,employee,1,55,18.333333333333332,936,0.0,1
2858,1.0,2.0,147.0,604.0,1,0,0,1,employee,0,4,4.0,0,0.0,0
763,15.0,115.0,903.0,7825.0,1,0,1,0,employee,0,2,2.0,0,0.0,0
4474,2.0,14.0,244.0,3298.0,1,0,0,1,employee,0,2,2.0,0,0.0,0
3419,5.0,218.0,338.0,2318.0,1,0,1,0,employee,0,10,10.0,0,0.0,1
417,1.0,4.0,115.0,592.0,1,0,0,1,employee,0,2,2.0,0,0.0,0
908,2.0,15.0,135.0,1560.0,2,1,1,0,employee,0,9,4.5,0,121.0,0
374,3.0,53.0,53.0,341.0,9,0,2,1,employee,0,76,8.444444444444445,0,0.1111111111111111,3
431,5.0,434.0,213.0,1355.0,1,0,1,0,employee,0,5,5.0,0,0.0,0
2741,7.0,168.0,420.0,2322.0,1,0,1,0,employee,0,13,13.0,0,0.0,2
2302,6.0,143.0,1255.0,13611.0,1,0,0,1,employee,0,2,2.0,0,0.0,0
1137,3.0,640.0,127.0,912.0,2,0,1,1,employee,0,95,47.5,0,4.0,8
74,6.0,205.0,199.0,1930.0,1,0,0,1,employee,1,3,3.0,182,0.0,0
420,1.0,9.0,44.0,244.0,2,0,1,1,employee,0,5,2.5,0,0.0,0
4534,2.0,50.0,278.0,4075.0,2,0,1,0,employee,0,11,5.5,0,0.0,2
1575,9.0,267.0,426.0,2944.0,2,0,1,1,employee,0,11,5.5,0,0.0,0
632,3.0,52.0,561.0,4241.0,3,0,2,1,employee,1,45,15.0,1237,0.0,0
1963,4.0,337.0,160.0,991.0,3,0,2,1,employee,0,20,6.666666666666667,0,0.0,0
144,1.0,23.0,42.0,274.0,0,0,0,0,employee,0,0,0,0,0,0
289,1.0,2.0,73.0,536.0,1,0,0,1,employee,0,2,2.0,0,0.0,0
4585,5.0,417.0,197.0,1449.0,0,0,0,0,employee,0,0,0,0,0,1
3415,1.0,4.0,10.0,128.0,0,0,0,0,employee,0,0,0,0,0,0
1957,3.0,89.0,302.0,2159.0,0,0,0,0,employee,0,0,0,0,0,0
1999,3.0,111.0,93.0,793.0,0,0,0,0,employee,0,0,0,0,0,0
1064,2.0,5.0,257.0,3088.0,0,0,0,0,employee,0,0,0,0,0,0
3148,2.0,340.0,11.0,135.0,1,0,0,1,employee,0,2,2.0,0,0.0,0
4613,11.0,329.0,803.0,7682.0,1,0,0,1,employee,0,4,4.0,0,0.0,0
4549,42.0,1253.0,2267.0,25658.0,1,0,0,1,employee,1,19,19.0,137,0.0,0
2173,4.0,373.0,261.0,1507.0,1,0,1,0,employee,0,2,2.0,0,0.0,0
5427,1.0,265.0,22.0,488.0,0,0,0,0,employee,0,0,0,0,0,0
2899,1.0,1.0,103.0,843.0,0,0,0,0,employee,0,0,0,0,0,0
5215,1.0,17.0,11.0,118.0,2,0,2,0,employee,0,7,3.5,0,0.0,0
43,8.0,155.0,840.0,5678.0,0,0,0,0,employee,0,0,0,0,0,0
414,1.0,80.0,70.0,371.0,1,0,1,0,employee,0,4,4.0,0,0.0,0
586,4.0,44.0,464.0,3860.0,1,0,0,1,employee,0,3,3.0,0,0.0,0
4681,3.0,530.0,0.0,0.0,1,0,0,1,employee,0,10,10.0,0,0.0,0
2904,7.0,74.0,155.0,1600.0,1,1,0,0,employee,0,37,37.0,0,0.0,0
2417,3.0,40.0,761.0,7197.0,2,0,1,1,employee,0,8,4.0,0,0.0,0
1208,2.0,231.0,51.0,448.0,11,1,1,1,employee,2,510,46.36363636363637,871,21.90909090909091,28
2574,2.0,48.0,193.0,1560.0,1,0,1,0,employee,0,13,13.0,0,0.0,0
954,16.0,875.0,767.0,6389.0,4,0,1,1,employee,0,29,7.25,0,0.0,1
916,1.0,66.0,3.0,67.0,0,0,0,0,employee,0,0,0,0,0,0
4262,3.0,14.0,55.0,387.0,0,0,0,0,employee,0,0,0,0,0,0
1481,4.0,84.0,222.0,1651.0,3,0,1,1,employee,0,28,9.333333333333334,0,0.0,1
2360,2.0,97.0,33.0,376.0,0,0,0,0,employee,0,0,0,0,0,0
4725,5.0,13.0,22.0,494.0,7,0,3,1,employee,0,139,19.857142857142858,0,0.0,2
1274,2.0,85.0,158.0,2014.0,0,0,0,0,employee,0,0,0,0,0,0
514,3.0,251.0,81.0,556.0,15,0,2,1,employee,2,289,19.266666666666666,962,0.06666666666666667,2
656,6.0,2378.0,450.0,4589.0,2,0,1,1,employee,0,15,7.5,0,0.0,0
2703,8.0,183.0,648.0,5169.0,2,0,1,1,employee,0,26,13.0,0,0.0,0
1000,1.0,8.0,20.0,352.0,1,0,1,0,employee,0,2,2.0,0,0.0,0
146,1.0,6.0,93.0,580.0,2,0,1,1,employee,0,4,2.0,0,0.0,0
2100,1.0,4.0,49.0,681.0,0,0,0,0,employee,0,0,0,0,0,0
901,2.0,52.0,8.0,112.0,0,0,0,0,employee,0,0,0,0,0,0
490,5.0,382.0,511.0,5451.0,7,0,2,1,employee,0,58,8.285714285714286,0,0.0,0
4480,1.0,8.0,175.0,1080.0,0,0,0,0,employee,0,0,0,0,0,0
3143,4.0,70.0,122.0,1313.0,1,0,0,1,employee,0,6,6.0,0,0.0,0
412,2.0,219.0,27.0,221.0,5,0,1,1,employee,0,22,4.4,0,0.0,0
818,11.0,99.0,281.0,3145.0,1,0,1,0,employee,0,6,6.0,0,0.0,0
489,15.0,98.0,682.0,5358.0,4,1,1,1,employee,0,46,11.5,0,2.25,0
126,1.0,6.0,42.0,258.0,1,0,0,1,employee,0,10,10.0,0,0.0,0
4489,2.0,119.0,342.0,4290.0,0,0,0,0,employee,0,0,0,0,0,0
1967,15.0,498.0,977.0,8944.0,1,0,1,0,employee,0,3,3.0,0,0.0,0
3060,1.0,5.0,84.0,591.0,0,0,0,0,employee,0,0,0,0,0,0
468,6.0,94.0,319.0,2868.0,0,0,0,0,employee,0,0,0,0,0,0
524,8.0,499.0,414.0,3042.0,2,0,1,0,employee,0,16,8.0,0,0.0,0
1279,1.0,2.0,22.0,188.0,2,0,1,1,employee,0,7,3.5,0,0.0,0
1322,1.0,1.0,38.0,261.0,1,0,0,1,employee,0,2,2.0,0,0.0,0
4807,4.0,529.0,98.0,877.0,0,0,0,0,employee,0,0,0,0,0,1
4989,1.0,344.0,0.0,0.0,0,0,0,0,employee,0,0,0,0,0,0
555,14.0,711.0,774.0,6728.0,1,0,1,0,employee,0,6,6.0,0,0.0,0
1312,10.0,102.0,250.0,2925.0,1,0,0,1,employee,0,2,2.0,0,0.0,1
3134,1.0,18.0,3.0,38.0,8,0,1,1,employee,0,225,28.125,0,0.375,1
4973,2.0,10.0,28.0,658.0,0,0,0,0,employee,0,0,0,0,0,0
793,5.0,210.0,117.0,1235.0,3,1,2,0,employee,0,14,4.666666666666667,0,0.0,0
1295,7.0,93.0,1032.0,10463.0,1,0,1,0,employee,1,35,35.0,701,0.0,0
2055,9.0,115.0,521.0,3700.0,1,0,1,0,employee,0,2,2.0,0,0.0,0
1257,4.0,84.0,457.0,3502.0,1,0,1,0,employee,0,5,5.0,0,0.0,0
3353,1.0,26.0,54.0,331.0,1,0,0,1,employee,0,3,3.0,0,0.0,0
1480,2.0,13.0,64.0,478.0,0,0,0,0,employee,0,0,0,0,0,0
729,11.0,109.0,665.0,3935.0,1,0,1,0,employee,0,2,2.0,0,0.0,0
418,1.0,19.0,123.0,742.0,1,0,0,1,employee,0,2,2.0,0,0.0,0
3206,3.0,135.0,254.0,3489.0,2,0,0,1,employee,0,25,12.5,0,0.0,0
2164,2.0,36.0,529.0,3032.0,1,0,0,1,employee,0,2,2.0,0,0.0,0
2499,1.0,9.0,49.0,306.0,2,1,0,1,employee,0,14,7.0,0,0.0,0
533,11.0,380.0,657.0,3974.0,3,0,2,1,employee,1,53,17.666666666666668,1132,0.3333333333333333,2
1713,1.0,35.0,165.0,2292.0,0,0,0,0,employee,0,0,0,0,0,0
564,3.0,268.0,233.0,1522.0,2,0,0,1,employee,1,48,24.0,1207,0.0,0
3108,3.0,32.0,136.0,1792.0,0,0,0,0,employee,0,0,0,0,0,1
780,4.0,112.0,151.0,1596.0,0,0,0,0,employee,0,0,0,0,0,0
5670,2.0,157.0,362.0,5375.0,0,0,0,0,employee,0,0,0,0,0,0
4127,2.0,77.0,185.0,2112.0,9,1,1,1,employee,0,1603,178.11111111111111,0,0.2222222222222222,5
297,3.0,43.0,496.0,3584.0,10,0,2,1,employee,0,104,10.4,0,0.0,0
4339,2.0,15.0,481.0,3384.0,0,0,0,0,employee,0,0,0,0,0,0
1821,1.0,2.0,87.0,730.0,0,0,0,0,employee,0,0,0,0,0,0
1783,3.0,100.0,483.0,2761.0,0,0,0,0,employee,0,0,0,0,0,0
1291,1.0,4.0,146.0,900.0,1,0,1,0,employee,1,43,43.0,1127,0.0,0
1323,1.0,1.0,49.0,338.0,0,0,0,0,employee,0,0,0,0,0,0
2990,10.0,894.0,260.0,1671.0,0,0,0,0,employee,0,0,0,0,0,0
2657,6.0,312.0,386.0,2703.0,1,0,1,0,employee,0,2,2.0,0,0.0,0
2174,11.0,200.0,965.0,10531.0,0,0,0,0,employee,0,0,0,0,0,0
162,5.0,1271.0,223.0,1511.0,3,0,1,1,employee,0,33,11.0,0,0.0,0
2714,49.0,1463.0,1702.0,14405.0,0,0,0,0,employee,0,0,0,0,0,0
786,5.0,53.0,300.0,1837.0,2,0,2,0,employee,0,4,2.0,0,0.0,0
261,20.0,33.0,414.0,3589.0,1,0,1,0,employee,0,2,2.0,0,0.0,0
2660,7.0,895.0,424.0,2631.0,0,0,0,0,employee,0,0,0,0,0,0
1654,2.0,92.0,246.0,2345.0,0,0,0,0,employee,0,0,0,0,0,0
2195,2.0,26.0,67.0,888.0,2,0,2,0,employee,0,108,54.0,0,0.0,0
1852,1.0,12.0,30.0,338.0,1,0,0,1,employee,0,2,2.0,0,0.0,0
4124,13.0,236.0,407.0,3316.0,0,0,0,0,employee,0,0,0,0,0,0
4634,19.0,179.0,769.0,5291.0,0,0,0,0,employee,0,0,0,0,0,0
403,1.0,43.0,30.0,380.0,2,0,1,1,employee,0,15,7.5,0,0.0,1
1254,3.0,131.0,382.0,4273.0,5,0,2,1,employee,1,37,7.4,186,0.0,0
1235,2.0,23.0,76.0,741.0,0,0,0,0,employee,0,0,0,0,0,0
2790,1.0,12.0,2.0,27.0,0,0,0,0,employee,0,0,0,0,0,0
1286,7.0,106.0,597.0,5176.0,4,0,1,1,employee,0,43,10.75,0,0.0,0
1251,1.0,5.0,142.0,820.0,1,0,1,0,employee,0,5,5.0,0,0.0,0
4702,3.0,29.0,85.0,567.0,0,0,0,0,employee,0,0,0,0,0,0
625,2.0,5.0,198.0,2181.0,4,1,2,0,employee,0,64,16.0,0,0.0,0
921,2.0,10.0,6.0,113.0,1,0,1,0,employee,0,4,4.0,0,0.0,0
3078,4.0,205.0,216.0,1612.0,0,0,0,0,employee,0,0,0,0,0,0
2658,10.0,157.0,1004.0,8924.0,1,0,1,0,employee,0,2,2.0,0,0.0,0
117,1.0,12.0,40.0,245.0,0,0,0,0,employee,0,0,0,0,0,0
4631,3.0,36.0,145.0,1622.0,0,0,0,0,employee,0,0,0,0,0,0
697,2.0,131.0,246.0,2482.0,1,0,1,0,employee,0,3,3.0,0,0.0,0
5283,1.0,4.0,20.0,320.0,0,0,0,0,employee,0,0,0,0,0,3
1220,6.0,398.0,432.0,2962.0,1,0,1,0,employee,0,2,2.0,0,0.0,0
503,1.0,3.0,20.0,178.0,8,1,1,1,temporary,0,109,13.625,0,0.0,0
2647,5.0,204.0,684.0,6592.0,3,0,2,1,employee,0,12,4.0,0,0.0,3
4979,1.0,2.0,83.0,1579.0,0,0,0,0,employee,0,0,0,0,0,0
120,5.0,385.0,607.0,4246.0,1,0,1,0,employee,0,2,2.0,0,0.0,0
158,1.0,1.0,32.0,238.0,0,0,0,0,employee,0,0,0,0,0,0
345,2.0,29.0,323.0,2882.0,0,0,0,0,employee,0,0,0,0,0,0
917,2.0,8.0,26.0,148.0,0,0,0,0,employee,0,0,0,0,0,0
910,1.0,5.0,55.0,363.0,2,0,1,1,employee,0,12,6.0,0,0.0,0
802,1.0,9.0,82.0,1035.0,1,0,1,0,employee,0,3,3.0,0,0.0,0
2141,4.0,57.0,148.0,1049.0,1,0,0,1,employee,0,2,2.0,0,0.0,0
1298,3.0,15.0,98.0,876.0,0,0,0,0,employee,0,0,0,0,0,0
726,13.0,48.0,868.0,7260.0,1,0,1,0,employee,0,3,3.0,0,0.0,0
2042,1.0,4.0,25.0,273.0,3,0,0,1,employee,0,10,3.3333333333333335,0,0.0,0
212,1.0,1.0,120.0,664.0,2,0,1,1,employee,0,4,2.0,0,0.0,0
136,7.0,165.0,683.0,4989.0,0,0,0,0,employee,0,0,0,0,0,0
457,4.0,45.0,138.0,1519.0,1,0,0,1,employee,0,2,2.0,0,0.0,0
574,7.0,3249.0,954.0,8903.0,4,0,1,1,employee,1,66,16.5,140,0.75,4
75,5.0,80.0,227.0,2073.0,2,0,1,1,employee,1,6,3.0,182,0.0,0
3413,2.0,53.0,73.0,905.0,1,0,0,1,employee,0,2,2.0,0,0.0,0
2479,5.0,61.0,610.0,4973.0,1,0,1,0,employee,0,2,2.0,0,0.0,0
86,8.0,325.0,433.0,3447.0,1,0,1,0,employee,0,5,5.0,0,0.0,2
847,5.0,29.0,722.0,6117.0,1,0,1,0,employee,0,2,2.0,0,0.0,0
461,13.0,444.0,928.0,5854.0,3,0,1,0,employee,0,9,3.0,0,0.0,0
1018,1.0,11.0,158.0,1664.0,0,0,0,0,employee,0,0,0,0,0,3
741,4.0,70.0,331.0,2020.0,1,0,1,0,employee,0,2,2.0,0,0.0,0
3421,3.0,10.0,82.0,752.0,1,0,0,1,employee,0,2,2.0,0,0.0,0
715,1.0,5.0,35.0,192.0,2,0,1,1,employee,0,5,2.5,0,0.0,0
4813,1.0,79.0,0.0,0.0,0,0,0,0,employee,0,0,0,0,0,0
716,6.0,112.0,752.0,5751.0,3,0,1,1,employee,0,10,3.3333333333333335,0,0.0,0
2252,1.0,8.0,92.0,702.0,0,0,0,0,employee,0,0,0,0,0,0
1355,4.0,43.0,541.0,6109.0,2,0,1,0,employee,1,43,21.5,519,0.0,0
385,1.0,6.0,33.0,196.0,0,0,0,0,employee,0,0,0,0,0,0
143,2.0,17.0,58.0,365.0,0,0,0,0,employee,0,0,0,0,0,0
634,3.0,24.0,74.0,546.0,5,0,2,1,employee,0,72,14.4,0,0.0,0
723,3.0,301.0,226.0,1881.0,7,0,1,1,employee,0,113,16.142857142857142,0,0.0,0
2110,1.0,4.0,87.0,731.0,0,0,0,0,employee,0,0,0,0,0,0
5431,1.0,2.0,107.0,1935.0,0,0,0,0,employee,0,0,0,0,0,0
1448,6.0,96.0,775.0,6007.0,0,0,0,0,employee,0,0,0,0,0,0
887,2.0,122.0,250.0,1804.0,2,0,1,1,employee,0,13,6.5,0,0.0,3
714,8.0,102.0,590.0,4705.0,1,0,1,0,employee,0,3,3.0,0,0.0,0
783,4.0,216.0,302.0,3095.0,2,0,1,0,employee,0,11,5.5,0,0.0,5
1187,2.0,102.0,61.0,803.0,0,0,0,0,employee,0,0,0,0,0,0
2107,9.0,40.0,339.0,2491.0,0,0,0,0,employee,0,0,0,0,0,0
388,10.0,338.0,521.0,3340.0,2,0,2,0,employee,0,5,2.5,0,0.0,0
1765,15.0,555.0,1365.0,15167.0,4,0,1,1,employee,0,45,11.25,0,0.0,0
125,2.0,77.0,385.0,2998.0,6,1,1,1,temporary,0,90,15.0,0,0.0,1
1563,1.0,48.0,9.0,77.0,1,0,0,1,employee,0,2,2.0,0,0.0,0
2855,2.0,13.0,182.0,1383.0,0,0,0,0,employee,0,0,0,0,0,0
4540,1.0,2.0,54.0,800.0,0,0,0,0,employee,0,0,0,0,0,0
2135,3.0,14.0,163.0,2020.0,0,0,0,0,employee,0,0,0,0,0,0
639,2.0,19.0,309.0,2753.0,1,0,1,0,employee,0,2,2.0,0,0.0,0
5078,20.0,204.0,640.0,7727.0,0,0,0,0,employee,0,0,0,0,0,0
37,3.0,225.0,137.0,1004.0,0,0,0,0,employee,0,0,0,0,0,0
312,1.0,25.0,73.0,318.0,2,0,1,1,employee,0,6,3.0,0,0.0,0
4398,2.0,13.0,140.0,1291.0,7,1,1,1,employee,0,64,9.142857142857142,0,0.0,0
563,7.0,212.0,431.0,2935.0,3,0,1,1,employee,0,25,8.333333333333334,0,0.0,0
4905,3.0,43.0,365.0,4497.0,0,0,0,0,employee,0,0,0,0,0,0
1023,10.0,286.0,587.0,3734.0,1,0,0,1,employee,1,20,20.0,586,0.0,0
1564,2.0,49.0,15.0,180.0,0,0,0,0,employee,0,0,0,0,0,0
4449,16.0,764.0,1421.0,12174.0,1,0,0,1,employee,0,9,9.0,0,0.0,0
4452,11.0,366.0,408.0,3242.0,0,0,0,0,employee,0,0,0,0,0,0
2473,6.0,66.0,505.0,4478.0,2,0,2,0,employee,0,13,6.5,0,0.0,0
1194,2.0,4.0,154.0,980.0,4,0,1,1,employee,0,101,25.25,0,8.75,7
85,6.0,158.0,348.0,2970.0,1,0,0,1,employee,1,7,7.0,182,0.0,0
3544,1.0,2.0,0.0,0.0,0,0,0,0,employee,0,0,0,0,0,0
1501,1.0,97.0,43.0,581.0,1,0,1,0,employee,0,2,2.0,0,0.0,0
325,1.0,2.0,59.0,409.0,1,0,0,1,employee,0,2,2.0,0,0.0,0
573,54.0,8.0,5.0,164.0,2,0,2,0,employee,0,6,3.0,0,0.0,0
2991,15.0,309.0,596.0,4708.0,0,0,0,0,employee,0,0,0,0,0,1
5119,1.0,11.0,34.0,244.0,0,0,0,0,employee,0,0,0,0,0,0
458,3.0,305.0,109.0,809.0,1,0,1,0,employee,0,10,10.0,0,0.0,0
480,3.0,166.0,443.0,4468.0,1,0,1,0,employee,0,6,6.0,0,0.0,0
758,2.0,11.0,102.0,1193.0,3,0,2,1,employee,0,8,2.6666666666666665,0,0.0,0
4130,30.0,1156.0,1784.0,22948.0,1,0,1,0,employee,0,25,25.0,0,0.0,0
516,3.0,18.0,141.0,1233.0,1,0,1,0,employee,0,3,3.0,0,0.0,0
471,8.0,182.0,297.0,3068.0,3,0,2,1,employee,0,13,4.333333333333333,0,0.0,0
5216,1.0,4.0,52.0,597.0,0,0,0,0,employee,0,0,0,0,0,0
4508,6.0,276.0,128.0,843.0,4,0,2,1,employee,0,72,18.0,0,0.0,0
438,28.0,635.0,1641.0,11750.0,10,0,1,1,employee,0,144,14.4,0,0.2,4
440,1.0,55.0,75.0,404.0,1,0,1,0,employee,0,2,2.0,0,0.0,0
686,2.0,21.0,35.0,284.0,1,0,1,0,employee,0,2,2.0,0,0.0,0
3281,1.0,4.0,101.0,909.0,0,0,0,0,employee,0,0,0,0,0,0
396,4.0,217.0,230.0,1486.0,9,0,2,1,employee,0,75,8.333333333333334,0,0.1111111111111111,1
1115,4.0,96.0,526.0,4647.0,1,0,1,0,employee,0,5,5.0,0,0.0,0
1088,1.0,2.0,20.0,117.0,0,0,0,0,employee,0,0,0,0,0,0
477,1.0,55.0,105.0,558.0,3,0,1,1,employee,0,102,34.0,0,0.0,0
1789,2.0,24.0,465.0,2650.0,3,0,1,1,employee,0,24,8.0,0,0.0,2
2601,2.0,89.0,77.0,573.0,2,0,1,1,employee,0,4,2.0,0,0.0,0
4206,2.0,9.0,60.0,486.0,0,0,0,0,employee,0,0,0,0,0,0
2594,1.0,23.0,152.0,924.0,1,0,0,1,employee,0,3,3.0,0,0.0,0
467,2.0,7.0,33.0,252.0,0,0,0,0,employee,0,0,0,0,0,0
1046,24.0,1575.0,877.0,7149.0,5,0,1,1,employee,0,37,7.4,0,2.4,13
1668,8.0,67.0,283.0,2180.0,1,1,0,0,employee,0,13,13.0,0,0.0,0
781,2.0,15.0,112.0,768.0,0,0,0,0,employee,0,0,0,0,0,0
1497,4.0,314.0,312.0,2493.0,1,0,1,0,employee,0,2,2.0,0,0.0,0
1107,5.0,26.0,403.0,3084.0,0,0,0,0,employee,0,0,0,0,0,0
668,2.0,38.0,445.0,3611.0,0,0,0,0,employee,0,0,0,0,0,0
4442,1.0,19.0,64.0,965.0,0,0,0,0,employee,0,0,0,0,0,7
4818,4.0,25.0,195.0,1269.0,1,0,0,1,employee,0,1,1.0,0,0.0,0
397,3.0,23.0,146.0,1132.0,3,0,2,0,employee,1,29,9.666666666666666,33,0.0,0
711,5.0,177.0,330.0,2075.0,0,0,0,0,employee,0,0,0,0,0,0
56,4.0,472.0,141.0,931.0,1,0,0,1,employee,0,6,6.0,0,0.0,0
610,3.0,30.0,458.0,3763.0,2,0,1,1,employee,0,4,2.0,0,0.0,0
2148,5.0,615.0,202.0,1427.0,0,0,0,0,employee,0,0,0,0,0,0
460,21.0,720.0,1048.0,7840.0,3,0,1,1,employee,0,28,9.333333333333334,0,0.0,0
3331,30.0,368.0,1677.0,10531.0,1,0,0,1,employee,0,5,5.0,0,0.0,0
1063,3.0,36.0,256.0,2294.0,1,0,0,1,employee,0,3,3.0,0,0.0,0
26,4.0,384.0,260.0,1772.0,0,0,0,0,employee,0,0,0,0,0,0
1450,2.0,19.0,189.0,2036.0,0,0,0,0,employee,0,0,0,0,0,0
1598,3.0,213.0,55.0,558.0,12,0,1,1,employee,0,220,18.333333333333332,0,0.08333333333333333,4
4749,1.0,8.0,3.0,51.0,5,0,1,2,employee,1,129,25.8,1444,0.0,2
840,14.0,297.0,966.0,8240.0,2,0,2,0,employee,0,6,3.0,0,0.0,0
4629,19.0,1755.0,810.0,5749.0,1,0,0,1,employee,0,23,23.0,0,0.0,0
172,5.0,48.0,483.0,3807.0,0,0,0,0,employee,0,0,0,0,0,0
4793,16.0,547.0,1812.0,16852.0,2,0,0,1,employee,1,86,43.0,1243,0.0,0
2080,7.0,90.0,642.0,5748.0,6,0,1,1,employee,3,71,11.833333333333334,695,0.0,0
1280,9.0,309.0,420.0,2893.0,1,0,0,1,employee,0,6,6.0,0,0.0,0
1282,4.0,267.0,265.0,1761.0,2,0,1,1,employee,0,4,2.0,0,0.0,0
733,1.0,4.0,70.0,373.0,0,0,0,0,employee,0,0,0,0,0,0
2366,3.0,231.0,317.0,2638.0,1,0,0,1,employee,0,3,3.0,0,0.0,1
2571,9.0,342.0,961.0,7751.0,2,0,2,0,employee,0,58,29.0,0,1.0,3
1272,8.0,145.0,766.0,7463.0,0,0,0,0,employee,0,0,0,0,0,0
30,2.0,32.0,106.0,622.0,0,0,0,0,employee,0,0,0,0,0,0
1487,1.0,41.0,104.0,506.0,2,0,1,0,employee,1,37,18.5,546,0.0,1
4812,7.0,404.0,338.0,2395.0,0,0,0,0,employee,0,0,0,0,0,1
1958,1.0,4.0,12.0,70.0,0,0,0,0,employee,0,0,0,0,0,0
5532,3.0,12.0,301.0,4517.0,3,0,1,1,employee,2,372,124.0,2194,0.0,0
2438,8.0,464.0,268.0,1976.0,0,0,0,0,employee,0,0,0,0,0,0
5053,1.0,4.0,109.0,897.0,0,0,0,0,employee,0,0,0,0,0,1
4472,1.0,26.0,20.0,323.0,0,0,0,0,employee,0,0,0,0,0,2
4469,1.0,12.0,405.0,3906.0,1,0,0,1,employee,0,3,3.0,0,0.0,0
2995,1.0,5.0,19.0,181.0,5,0,1,1,employee,0,66,13.2,0,0.0,0
971,1.0,2.0,151.0,942.0,0,0,0,0,employee,0,0,0,0,0,0
31,2.0,125.0,329.0,2821.0,1,0,0,1,employee,0,3,3.0,0,0.0,4
1782,4.0,618.0,441.0,3563.0,2,0,1,1,employee,0,8,4.0,0,0.0,0
1625,3.0,331.0,434.0,2398.0,6,0,1,1,employee,0,43,7.166666666666667,0,0.0,0
526,13.0,395.0,623.0,4447.0,1,0,1,0,employee,0,17,17.0,0,0.0,0
13,1.0,4.0,49.0,233.0,0,0,0,0,employee,0,0,0,0,0,0
2371,4.0,10.0,191.0,1894.0,0,0,0,0,employee,0,0,0,0,0,0
4647,1.0,2.0,110.0,544.0,0,0,0,0,employee,0,0,0,0,0,0
790,8.0,74.0,534.0,3432.0,1,0,1,0,employee,0,2,2.0,0,0.0,0
2406,1.0,4.0,1.0,36.0,0,0,0,0,employee,0,0,0,0,0,0
4882,2.0,7.0,424.0,4457.0,1,0,0,1,employee,0,2,2.0,0,0.0,0
2989,14.0,1873.0,507.0,3967.0,0,0,0,0,employee,0,0,0,0,0,0
484,4.0,320.0,353.0,3299.0,1,0,0,1,employee,0,2,2.0,0,0.0,0
1548,2.0,27.0,238.0,1682.0,7,0,1,1,employee,1,168,24.0,921,0.0,1
941,1.0,2.0,43.0,232.0,0,0,0,0,employee,0,0,0,0,0,0
770,3.0,102.0,243.0,1863.0,0,0,0,0,employee,0,0,0,0,0,0
1600,3.0,384.0,58.0,387.0,4,0,1,1,employee,0,174,43.5,0,0.0,0
427,6.0,28.0,246.0,1714.0,1,0,1,0,employee,0,2,2.0,0,0.0,0
1578,1.0,302.0,63.0,303.0,3,0,1,1,employee,1,72,24.0,232,0.0,0
4645,6.0,179.0,224.0,1838.0,0,0,0,0,employee,0,0,0,0,0,0
522,1.0,5.0,24.0,209.0,2,0,1,1,employee,2,24,12.0,135,0.0,0
157,1.0,3.0,74.0,393.0,1,0,1,0,employee,0,2,2.0,0,0.0,0
2358,8.0,79.0,1473.0,11349.0,1,0,1,0,employee,1,31,31.0,858,0.0,0
1489,16.0,109.0,530.0,4003.0,0,0,0,0,employee,0,0,0,0,0,1
2586,2.0,5.0,81.0,1006.0,1,0,1,0,employee,0,2,2.0,0,0.0,0
1908,6.0,118.0,518.0,6417.0,5,0,1,1,employee,1,82,16.4,1090,0.0,0
2572,26.0,307.0,169.0,1870.0,1,0,1,0,employee,0,11,11.0,0,0.0,0
4491,3.0,12.0,360.0,2445.0,0,0,0,0,employee,0,0,0,0,0,0
1828,6.0,132.0,1052.0,7496.0,3,0,1,1,employee,0,12,4.0,0,0.0,0
1648,2.0,364.0,410.0,2361.0,0,0,0,0,employee,0,0,0,0,0,0
4700,1.0,2.0,79.0,1475.0,0,0,0,0,employee,0,0,0,0,0,0
236,2.0,271.0,34.0,273.0,8,1,1,1,employee,0,222,27.75,0,0.0,0
1299,3.0,280.0,267.0,1844.0,1,0,0,1,employee,0,2,2.0,0,0.0,7
185,1.0,2.0,45.0,295.0,2,0,2,0,employee,0,4,2.0,0,0.0,0
807,1.0,14.0,6.0,124.0,1,0,0,1,employee,0,2,2.0,0,0.0,0
4120,3.0,25.0,83.0,519.0,1,0,1,0,employee,0,3,3.0,0,0.0,0
1465,5.0,43.0,190.0,1374.0,1,0,0,1,employee,0,2,2.0,0,0.0,2
2129,1.0,4.0,17.0,137.0,0,0,0,0,employee,0,0,0,0,0,0
1601,4.0,647.0,258.0,1491.0,2,0,1,1,employee,0,7,3.5,0,0.0,0
2540,13.0,81.0,927.0,7107.0,1,0,1,0,employee,0,2,2.0,0,0.0,0
1970,5.0,135.0,587.0,3542.0,1,0,1,0,employee,0,2,2.0,0,0.0,1
424,1.0,2.0,57.0,358.0,0,0,0,0,employee,0,0,0,0,0,0
448,6.0,42.0,131.0,1356.0,1,0,1,0,employee,0,6,6.0,0,0.0,0
4408,1.0,43.0,73.0,1129.0,2,0,0,1,employee,0,13,6.5,0,0.0,0
909,3.0,1052.0,255.0,2653.0,6,0,2,1,employee,0,57,9.5,0,0.0,0
2833,3.0,132.0,179.0,1697.0,6,0,1,1,employee,0,52,8.666666666666666,0,0.0,3
52,3.0,26.0,198.0,1224.0,0,0,0,0,employee,0,0,0,0,0,0
276,9.0,37.0,167.0,1324.0,5,0,1,1,employee,0,23,4.6,0,0.0,0
487,3.0,331.0,61.0,588.0,1,0,1,0,employee,0,2,2.0,0,0.0,0
794,6.0,20.0,319.0,2281.0,2,0,1,1,employee,1,42,21.0,1242,0.0,0
1236,6.0,138.0,98.0,1276.0,1,0,1,0,employee,0,41,41.0,0,0.0,0
2831,6.0,39.0,348.0,2206.0,0,0,0,0,employee,0,0,0,0,0,0
4060,1.0,191.0,37.0,187.0,1,0,1,0,employee,0,9,9.0,0,0.0,2
1493,1.0,4.0,0.0,60.0,1,0,1,0,employee,0,2,2.0,0,0.0,1
279,1.0,1.0,64.0,487.0,3,0,2,1,employee,0,9,3.0,0,0.0,0
900,7.0,74.0,801.0,6659.0,1,0,1,0,employee,0,3,3.0,0,0.0,0
99,3.0,25.0,497.0,3538.0,2,0,1,1,employee,0,13,6.5,0,0.0,0
1394,1.0,2.0,10.0,144.0,0,0,0,0,employee,0,0,0,0,0,23
798,3.0,32.0,241.0,2380.0,2,0,1,0,employee,0,11,5.5,0,0.0,0
2112,5.0,52.0,209.0,1289.0,1,0,0,1,employee,0,2,2.0,0,0.0,0
1348,3.0,38.0,498.0,4243.0,5,0,1,1,employee,0,204,40.8,0,64.8,325
536,32.0,890.0,2102.0,16323.0,2,0,1,1,employee,1,44,22.0,1132,0.0,0
2038,2.0,14.0,62.0,802.0,0,0,0,0,employee,0,0,0,0,0,0
91,2.0,29.0,360.0,2866.0,0,0,0,0,employee,0,0,0,0,0,0
2953,4.0,10.0,436.0,2404.0,1,0,0,1,employee,0,2,2.0,0,0.0,0
5645,4.0,146.0,419.0,6587.0,4,0,1,1,employee,0,40,10.0,0,1.0,7
1708,42.0,749.0,1472.0,12282.0,2,1,0,1,employee,0,15,7.5,0,0.5,0
4090,1.0,13.0,16.0,118.0,0,0,0,0,employee,0,0,0,0,0,0
2656,3.0,53.0,163.0,1377.0,1,0,1,0,employee,0,2,2.0,0,0.0,0
398,1.0,16.0,116.0,685.0,3,0,2,0,employee,0,16,5.333333333333333,0,0.0,0
2092,1.0,10.0,147.0,970.0,0,0,0,0,employee,0,0,0,0,0,0
1784,19.0,270.0,969.0,6974.0,1,0,1,0,employee,0,2,2.0,0,0.0,0
2255,2.0,51.0,67.0,932.0,1,0,0,1,employee,0,2,2.0,0,0.0,0
329,6.0,107.0,360.0,2686.0,5,0,1,1,employee,0,26,5.2,0,36.4,185
1571,2.0,61.0,57.0,513.0,0,0,0,0,employee,0,0,0,0,0,0
3316,2.0,22.0,260.0,3334.0,1,0,0,1,employee,0,3,3.0,0,0.0,3
1145,2.0,7.0,135.0,1749.0,1,0,1,0,employee,0,2,2.0,0,0.0,0
322,1.0,16.0,77.0,395.0,5,0,2,1,employee,0,52,10.4,0,1.4,8
538,6.0,217.0,81.0,590.0,3,0,1,1,employee,1,54,18.0,472,0.0,0
2304,6.0,661.0,449.0,4381.0,0,0,0,0,employee,0,0,0,0,0,1
601,4.0,120.0,496.0,4900.0,3,0,0,1,employee,1,47,15.666666666666666,1242,0.0,1
721,8.0,79.0,437.0,2901.0,1,0,1,0,employee,0,2,2.0,0,0.0,0
833,5.0,35.0,645.0,4881.0,0,0,0,0,employee,0,0,0,0,0,0
3142,7.0,63.0,776.0,7333.0,0,0,0,0,employee,0,0,0,0,0,0
1002,5.0,78.0,303.0,2180.0,0,0,0,0,employee,0,0,0,0,0,0
3232,1.0,12.0,49.0,324.0,1,0,0,1,employee,0,2,2.0,0,0.0,0
2818,3.0,26.0,425.0,5577.0,2,1,1,0,employee,0,16,8.0,0,46.0,37
4727,1.0,6.0,74.0,444.0,0,0,0,0,employee,0,0,0,0,0,0
4755,1.0,3.0,179.0,704.0,0,0,0,0,employee,0,0,0,0,0,0
4606,4.0,224.0,23.0,217.0,0,0,0,0,employee,0,0,0,0,0,0
2347,1.0,10.0,34.0,285.0,1,0,1,0,employee,0,5,5.0,0,0.0,0
379,20.0,977.0,1304.0,9655.0,2,0,2,0,employee,0,11,5.5,0,0.0,0
408,7.0,238.0,275.0,1945.0,2,0,1,1,employee,0,5,2.5,0,0.0,0
1495,6.0,487.0,453.0,3473.0,0,0,0,0,employee,0,0,0,0,0,0
2325,1.0,13.0,92.0,485.0,4,1,1,0,employee,0,48,12.0,0,0.0,0
475,11.0,241.0,551.0,4668.0,1,0,1,0,employee,0,7,7.0,0,0.0,0
127,1.0,4.0,43.0,319.0,0,0,0,0,employee,0,0,0,0,0,2
346,5.0,251.0,185.0,1926.0,1,0,1,0,employee,0,2,2.0,0,0.0,0
550,29.0,1421.0,1183.0,9339.0,1,0,1,0,employee,0,6,6.0,0,0.0,0
4409,2.0,12.0,322.0,3930.0,1,0,0,1,employee,0,3,3.0,0,0.0,0
4117,18.0,164.0,1464.0,13909.0,1,1,0,0,employee,0,39,39.0,0,0.0,0
4616,1.0,8.0,31.0,150.0,5,0,2,1,employee,0,65,13.0,0,0.2,2
407,2.0,67.0,23.0,339.0,0,0,0,0,employee,0,0,0,0,0,0
1885,3.0,32.0,871.0,6170.0,1,0,0,1,employee,0,10,10.0,0,0.0,30
2275,5.0,123.0,166.0,1121.0,9,0,1,1,employee,0,108,12.0,0,0.2222222222222222,3
27,1.0,6.0,49.0,243.0,0,0,0,0,employee,0,0,0,0,0,0
4708,1.0,1.0,79.0,1474.0,0,0,0,0,employee,0,0,0,0,0,1
241,12.0,395.0,986.0,6753.0,0,0,0,0,employee,0,0,0,0,0,0
38,4.0,198.0,157.0,1369.0,0,0,0,0,employee,0,0,0,0,0,0
1508,1.0,18.0,22.0,143.0,1,0,1,0,employee,0,2,2.0,0,0.0,0
3481,1.0,3.0,3.0,37.0,0,0,0,0,employee,0,0,0,0,0,0
832,2.0,53.0,418.0,4219.0,1,0,1,0,employee,0,2,2.0,0,0.0,0
756,2.0,22.0,87.0,698.0,3,0,2,1,employee,1,21,7.0,68,0.0,0
69,19.0,1327.0,1033.0,8862.0,1,0,0,1,employee,1,11,11.0,182,0.0,0
1065,4.0,68.0,245.0,2455.0,2,0,1,0,employee,0,12,6.0,0,0.0,0
210,1.0,2.0,93.0,575.0,1,0,0,1,employee,0,3,3.0,0,0.0,0
266,12.0,500.0,880.0,7562.0,2,0,2,0,employee,0,8,4.0,0,0.0,0
1227,2.0,141.0,14.0,143.0,1,0,1,0,employee,0,2,2.0,0,0.0,0
4715,49.0,2351.0,2702.0,30750.0,3,0,1,1,employee,1,58,19.333333333333332,46,0.0,1
1624,3.0,269.0,405.0,2392.0,2,0,1,1,employee,0,5,2.5,0,0.0,0
904,24.0,2279.0,45.0,501.0,4,0,1,1,employee,0,32,8.0,0,0.0,0
4621,9.0,613.0,474.0,4308.0,0,0,0,0,employee,0,0,0,0,0,0
217,3.0,71.0,364.0,3099.0,2,1,1,0,employee,0,4,2.0,0,0.0,0
4133,31.0,130.0,1818.0,23448.0,0,0,0,0,employee,0,0,0,0,0,0
1566,1.0,10.0,17.0,261.0,0,0,0,0,employee,0,0,0,0,0,0
1268,4.0,27.0,152.0,1360.0,0,0,0,0,employee,0,0,0,0,0,0
2552,4.0,268.0,138.0,1349.0,10,0,1,1,employee,0,166,16.6,0,4.0,44
1178,2.0,367.0,85.0,876.0,2,0,0,1,employee,0,8,4.0,0,0.0,24
4453,1.0,7.0,35.0,238.0,1,0,0,1,employee,0,8,8.0,0,0.0,0
2104,2.0,24.0,152.0,1021.0,1,0,0,1,employee,0,2,2.0,0,0.0,0
3069,1.0,5.0,16.0,228.0,7,0,1,1,employee,3,730,104.28571428571429,10282,6.571428571428571,0
3370,2.0,34.0,83.0,734.0,2,0,1,1,employee,0,18,9.0,0,0.0,2
4675,29.0,11429.0,520.0,5699.0,4,0,0,2,employee,0,21,5.25,0,0.0,0
1128,10.0,293.0,776.0,7494.0,1,0,1,0,employee,0,4,4.0,0,0.0,0
4705,8.0,125.0,1010.0,9951.0,0,0,0,0,employee,0,0,0,0,0,1
33,6.0,142.0,102.0,1006.0,1,0,0,1,employee,0,3,3.0,0,0.0,0
2686,5.0,43.0,444.0,4386.0,1,0,1,0,employee,0,2,2.0,0,0.0,0
238,4.0,62.0,587.0,4072.0,2,0,1,1,employee,0,6,3.0,0,1.5,3
3100,4.0,53.0,380.0,1903.0,0,0,0,0,employee,0,0,0,0,0,0
987,2.0,12.0,45.0,458.0,7,0,2,0,employee,1,134,19.142857142857142,1321,0.0,0
1526,1.0,112.0,10.0,113.0,18,4,3,1,employee,0,215,11.944444444444445,0,62.388888888888886,0
186,1.0,3.0,35.0,190.0,0,0,0,0,employee,0,0,0,0,0,0
12,17.0,247.0,984.0,7114.0,0,0,0,0,employee,0,0,0,0,0,0
1228,1.0,1.0,37.0,233.0,0,0,0,0,employee,0,0,0,0,0,0
2642,1.0,2.0,30.0,237.0,0,0,0,0,employee,0,0,0,0,0,2
3242,3.0,45.0,263.0,1474.0,0,0,0,0,employee,0,0,0,0,0,0
1877,4.0,81.0,113.0,727.0,1,0,1,0,employee,0,8,8.0,0,0.0,0
1104,1.0,4.0,41.0,300.0,0,0,0,0,employee,0,0,0,0,0,0
4146,1.0,62.0,2.0,63.0,0,0,0,0,employee,0,0,0,0,0,0
73,3.0,169.0,194.0,1788.0,1,0,0,1,employee,1,3,3.0,182,0.0,0
138,2.0,311.0,32.0,313.0,2,0,2,0,employee,0,13,6.5,0,0.0,0
287,14.0,654.0,568.0,4236.0,1,0,1,0,employee,0,2,2.0,0,0.0,0
2979,4.0,39.0,653.0,7197.0,0,0,0,0,employee,0,0,0,0,0,0
4644,2.0,43.0,187.0,1380.0,0,0,0,0,employee,0,0,0,0,0,0
4873,1.0,8.0,49.0,323.0,0,0,0,0,employee,0,0,0,0,0,0
4649,9.0,127.0,587.0,7002.0,0,0,0,0,employee,0,0,0,0,0,0
1122,1.0,2.0,146.0,872.0,1,0,1,0,employee,0,2,2.0,0,0.0,0
2529,5.0,30.0,274.0,1695.0,0,0,0,0,employee,0,0,0,0,0,0
98,6.0,63.0,0.0,19.0,0,0,0,0,employee,0,0,0,0,0,0
454,6.0,130.0,240.0,1625.0,1,0,1,0,employee,0,2,2.0,0,0.0,0
1874,3.0,495.0,113.0,869.0,1,0,0,1,employee,0,3,3.0,0,0.0,0
4805,3.0,779.0,281.0,3639.0,0,0,0,0,employee,0,0,0,0,0,0
2648,8.0,488.0,441.0,3056.0,1,0,1,0,employee,0,3,3.0,0,0.0,1
3346,1.0,16.0,85.0,557.0,3,1,0,1,temporary,0,23,7.666666666666667,0,2.3333333333333335,0
760,5.0,125.0,695.0,5725.0,2,0,1,0,employee,0,6,3.0,0,0.5,1
3026,3.0,72.0,233.0,3265.0,0,0,0,0,employee,0,0,0,0,0,0
747,1.0,12.0,332.0,3100.0,0,0,0,0,employee,0,0,0,0,0,0
235,1.0,28.0,8.0,89.0,3,0,1,1,employee,0,21,7.0,0,0.0,1
1275,1.0,3.0,54.0,255.0,2,0,1,1,employee,1,59,29.5,1831,0.0,0
472,7.0,167.0,374.0,3485.0,3,0,1,1,employee,0,16,5.333333333333333,0,0.0,0
225,10.0,845.0,367.0,2303.0,1,0,1,0,employee,0,6,6.0,0,0.0,2
4167,3.0,14.0,141.0,862.0,1,0,1,0,employee,0,7,7.0,0,0.0,0
2493,1.0,5.0,42.0,318.0,1,0,0,1,employee,0,2,2.0,0,0.0,0
1915,1.0,11.0,28.0,233.0,0,0,0,0,employee,0,0,0,0,0,0
61,10.0,273.0,873.0,6006.0,1,0,0,1,employee,1,31,31.0,368,0.0,0
320,4.0,16.0,292.0,1956.0,5,1,0,1,employee,0,55,11.0,0,0.0,1
777,2.0,35.0,19.0,169.0,1,0,1,0,employee,0,3,3.0,0,0.0,0
1120,1.0,2.0,43.0,240.0,1,0,1,0,employee,0,2,2.0,0,0.0,0
121,1.0,10.0,12.0,97.0,0,0,0,0,employee,0,0,0,0,0,0
211,3.0,9.0,93.0,1046.0,1,0,0,1,employee,0,12,12.0,0,0.0,0
4509,34.0,248.0,2365.0,20263.0,0,0,0,0,employee,0,0,0,0,0,0
2187,11.0,388.0,950.0,10115.0,0,0,0,0,employee,0,0,0,0,0,0
1317,1.0,4.0,50.0,259.0,2,0,1,1,employee,0,5,2.5,0,0.0,0
4493,1.0,3.0,79.0,1478.0,1,0,0,1,employee,0,2,2.0,0,0.0,0
2763,2.0,15.0,67.0,560.0,1,0,1,0,employee,0,4,4.0,0,0.0,0
1121,1.0,2.0,47.0,317.0,1,0,1,0,employee,0,5,5.0,0,0.0,0
849,3.0,9.0,82.0,496.0,2,0,2,0,employee,0,13,6.5,0,0.0,0
846,2.0,15.0,226.0,1248.0,0,0,0,0,employee,0,0,0,0,0,0
939,4.0,47.0,349.0,3235.0,4,0,2,1,employee,0,20,5.0,0,0.0,0
1028,3.0,42.0,51.0,501.0,0,0,0,0,employee,0,0,0,0,0,0
68,6.0,208.0,469.0,3519.0,1,0,0,1,employee,0,4,4.0,0,0.0,1
1631,7.0,135.0,459.0,3785.0,3,0,1,1,employee,1,48,16.0,611,0.0,0
4136,4.0,44.0,94.0,1382.0,0,0,0,0,employee,0,0,0,0,0,0
1383,1.0,3.0,65.0,449.0,3,0,1,1,employee,0,14,4.666666666666667,0,0.0,0
244,2.0,20.0,123.0,710.0,0,0,0,0,employee,0,0,0,0,0,0
1225,2.0,274.0,269.0,2100.0,1,0,0,1,employee,0,5,5.0,0,0.0,2
838,2.0,109.0,162.0,1875.0,1,0,1,0,employee,0,3,3.0,0,0.0,0
2256,6.0,654.0,219.0,3597.0,0,0,0,0,employee,0,0,0,0,0,0
1087,11.0,514.0,857.0,7104.0,3,0,1,1,employee,0,67,22.333333333333332,0,0.0,0
1085,2.0,5.0,212.0,1340.0,1,0,1,0,employee,0,6,6.0,0,0.0,0
2033,2.0,475.0,52.0,710.0,1,0,0,1,employee,0,2,2.0,0,0.0,0
315,2.0,15.0,295.0,2701.0,2,0,0,1,employee,0,8,4.0,0,0.0,12
4624,5.0,96.0,404.0,3263.0,0,0,0,0,employee,0,0,0,0,0,0
23,3.0,844.0,310.0,2276.0,0,0,0,0,employee,0,0,0,0,0,0
130,1.0,203.0,30.0,204.0,5,0,1,1,employee,1,70,14.0,860,0.0,1
4800,87.0,0.0,0.0,0.0,0,0,0,0,employee,0,0,0,0,0,0
599,2.0,5.0,143.0,935.0,2,0,1,1,employee,0,5,2.5,0,0.0,0
705,3.0,339.0,48.0,475.0,1,0,0,1,employee,0,2,2.0,0,0.0,0
1591,1.0,7.0,18.0,215.0,3,0,1,1,employee,0,35,11.666666666666666,0,0.0,0
1457,2.0,21.0,20.0,257.0,6,0,1,1,employee,0,30,5.0,0,1.8333333333333333,11
2838,2.0,58.0,173.0,1651.0,0,0,0,0,employee,0,0,0,0,0,0
1347,3.0,48.0,149.0,869.0,2,0,1,1,employee,0,16,8.0,0,1.0,3
1503,1.0,22.0,76.0,1330.0,1,0,1,0,employee,0,2,2.0,0,0.0,0
895,1.0,21.0,136.0,808.0,2,0,1,1,employee,0,24,12.0,0,5.0,19
2711,1.0,7.0,20.0,140.0,0,0,0,0,employee,0,0,0,0,0,0
65,7.0,224.0,363.0,2466.0,0,0,0,0,employee,0,0,0,0,0,0
2235,2.0,83.0,31.0,384.0,1,0,1,0,employee,0,2,2.0,0,0.0,0
1229,14.0,56.0,852.0,5061.0,1,0,0,1,employee,0,3,3.0,0,0.0,0
2299,2.0,18.0,227.0,1518.0,3,0,2,0,employee,0,15,5.0,0,0.0,0
275,1.0,18.0,173.0,1939.0,3,0,1,1,employee,0,8,2.6666666666666665,0,0.0,0
1170,1.0,2.0,48.0,314.0,0,0,0,0,employee,0,0,0,0,0,0
3377,2.0,17.0,82.0,897.0,1,0,0,1,employee,0,2,2.0,0,0.0,10
1326,1.0,3.0,144.0,898.0,1,0,0,1,employee,0,2,2.0,0,0.0,0
2765,11.0,250.0,885.0,8521.0,5,0,1,1,employee,0,51,10.2,0,0.4,6
84,6.0,96.0,328.0,2852.0,1,0,0,1,employee,1,9,9.0,182,0.0,0
844,1.0,2.0,57.0,344.0,0,0,0,0,employee,0,0,0,0,0,0
410,6.0,165.0,297.0,1901.0,1,0,0,1,employee,0,2,2.0,0,0.0,0
4851,1.0,2.0,173.0,672.0,0,0,0,0,employee,0,0,0,0,0,0
4769,1.0,10.0,79.0,1539.0,0,0,0,0,employee,0,0,0,0,0,0
3674,2.0,9.0,476.0,3279.0,3,0,1,1,employee,1,35,11.666666666666666,288,0.0,0
1870,2.0,17.0,197.0,2245.0,7,1,1,1,employee,0,68,9.714285714285714,0,1.7142857142857142,27
1793,2.0,21.0,222.0,1288.0,4,0,1,1,employee,1,59,14.75,814,5.5,32
2665,63.0,466.0,2611.0,20317.0,0,0,0,0,employee,0,0,0,0,0,0
1901,1.0,12.0,16.0,46.0,3,0,1,1,employee,0,16,5.333333333333333,0,0.0,0
4362,2.0,31.0,123.0,972.0,1,0,0,1,employee,0,13,13.0,0,0.0,0
1202,18.0,473.0,760.0,6387.0,2,0,1,1,employee,0,10,5.0,0,0.0,0
2645,9.0,294.0,358.0,2260.0,1,0,1,0,employee,0,2,2.0,0,0.0,0
672,2.0,58.0,165.0,1498.0,1,0,1,0,employee,0,2,2.0,0,0.0,0
1996,3.0,347.0,95.0,822.0,3,0,1,1,employee,0,28,9.333333333333334,0,0.0,0
819,7.0,46.0,197.0,1647.0,3,0,2,1,employee,0,25,8.333333333333334,0,0.0,0
77,6.0,115.0,310.0,2715.0,1,0,0,1,employee,1,3,3.0,182,0.0,0
485,21.0,543.0,785.0,5597.0,2,0,1,1,employee,0,19,9.5,0,0.0,0
692,20.0,2167.0,839.0,7863.0,5,0,2,1,employee,0,61,12.2,0,0.2,0
119,1.0,5.0,65.0,326.0,3,0,1,1,employee,0,14,4.666666666666667,0,0.0,0
3864,1.0,2.0,57.0,310.0,4,0,1,1,employee,0,212,53.0,0,0.0,0
201,1.0,9.0,75.0,397.0,1,0,0,1,employee,0,2,2.0,0,0.0,0
395,3.0,75.0,48.0,454.0,1,0,1,0,employee,0,2,2.0,0,0.0,0
4139,3.0,215.0,27.0,558.0,0,0,0,0,employee,0,0,0,0,0,0
687,7.0,200.0,763.0,6289.0,6,0,2,0,employee,1,69,11.5,40,0.0,14
208,1.0,24.0,100.0,718.0,3,0,1,1,employee,0,47,15.666666666666666,0,0.0,0
609,8.0,187.0,918.0,8320.0,0,0,0,0,employee,0,0,0,0,0,0
749,4.0,313.0,321.0,1916.0,1,0,1,0,employee,0,6,6.0,0,0.0,0
1204,1.0,4.0,58.0,727.0,2,0,2,0,employee,0,5,2.5,0,0.0,0
584,3.0,124.0,71.0,432.0,1,0,1,0,employee,0,5,5.0,0,0.0,0
2495,1.0,2.0,79.0,425.0,0,0,0,0,employee,0,0,0,0,0,1
5375,1.0,45.0,41.0,910.0,0,0,0,0,employee,0,0,0,0,0,0
773,2.0,35.0,96.0,749.0,0,0,0,0,employee,0,0,0,0,0,0
2155,17.0,487.0,1378.0,13683.0,1,0,1,0,employee,0,2,2.0,0,0.0,0
4230,1.0,2.0,14.0,124.0,0,0,0,0,employee,0,0,0,0,0,1
2638,3.0,732.0,81.0,735.0,6,0,1,1,employee,1,151,25.166666666666668,102,0.0,0
535,7.0,220.0,276.0,2841.0,2,0,2,0,employee,0,4,2.0,0,0.0,0
1082,4.0,313.0,123.0,847.0,2,0,2,0,employee,0,7,3.5,0,0.0,0
4498,1.0,2.0,36.0,246.0,0,0,0,0,employee,0,0,0,0,0,0
409,4.0,107.0,198.0,1262.0,1,0,1,0,employee,0,2,2.0,0,0.0,0
835,18.0,112.0,847.0,9068.0,1,0,1,0,employee,0,4,4.0,0,0.0,0
2013,1.0,2.0,159.0,2100.0,1,0,1,0,employee,0,2,2.0,0,0.0,0
2467,2.0,115.0,274.0,3075.0,2,1,0,1,employee,0,11,5.5,0,2.5,0
1218,11.0,332.0,977.0,8538.0,1,0,1,0,employee,0,5,5.0,0,0.0,0
674,8.0,146.0,786.0,5586.0,4,0,1,1,employee,2,107,26.75,1678,0.25,2
4501,1.0,4.0,173.0,1631.0,0,0,0,0,employee,0,0,0,0,0,0
1224,1.0,5.0,13.0,81.0,8,0,1,1,employee,1,70,8.75,93,1.25,10
368,1.0,4.0,119.0,724.0,7,0,3,0,employee,0,34,4.857142857142857,0,0.0,0
1607,2.0,25.0,105.0,615.0,3,0,0,1,temporary,0,31,10.333333333333334,0,0.0,0
918,1.0,10.0,97.0,1388.0,0,0,0,0,employee,0,0,0,0,0,0
764,14.0,1417.0,313.0,2695.0,4,0,1,1,employee,0,21,5.25,0,0.0,0
2184,5.0,300.0,341.0,3623.0,0,0,0,0,employee,0,0,0,0,0,0
306,8.0,318.0,455.0,3547.0,1,0,1,0,employee,0,2,2.0,0,0.0,0
980,2.0,4.0,75.0,519.0,0,0,0,0,employee,0,0,0,0,0,0
2926,20.0,239.0,1581.0,17494.0,2,1,0,1,temporary,0,21,10.5,0,0.0,0
